5218427A,Ch.1[C],Ch.2[%]
2020-06-04 00:00:50,29.4,83
2020-06-04 00:01:50,29.4,83
2020-06-04 00:02:50,29.4,83
2020-06-04 00:03:50,29.3,83
2020-06-04 00:04:50,29.3,83
2020-06-04 00:05:50,29.3,84
2020-06-04 00:06:50,29.3,84
2020-06-04 00:07:50,29.3,84
2020-06-04 00:08:50,29.3,84
2020-06-04 00:09:50,29.2,84
2020-06-04 00:10:50,29.2,84
2020-06-04 00:11:50,29.2,84
2020-06-04 00:12:50,29.2,84
2020-06-04 00:13:50,29.2,84
2020-06-04 00:14:50,29.2,84
2020-06-04 00:15:50,29.2,84
2020-06-04 00:16:50,29.2,84
2020-06-04 00:17:50,29.2,84
2020-06-04 00:18:50,29.1,84
2020-06-04 00:19:50,29.2,85
2020-06-04 00:20:50,29.2,85
2020-06-04 00:21:50,29.2,85
2020-06-04 00:22:50,29.2,85
2020-06-04 00:23:50,29.2,85
2020-06-04 00:24:50,29.2,85
2020-06-04 00:25:50,29.2,85
2020-06-04 00:26:50,29.2,85
2020-06-04 00:27:50,29.2,85
2020-06-04 00:28:50,29.1,85
2020-06-04 00:29:50,29.1,85
2020-06-04 00:30:50,29.1,85
2020-06-04 00:31:50,29.1,85
2020-06-04 00:32:50,29.1,85
2020-06-04 00:33:50,29.1,85
2020-06-04 00:34:50,29.1,85
2020-06-04 00:35:50,29.1,85
2020-06-04 00:36:50,29.1,85
2020-06-04 00:37:50,29.1,86
2020-06-04 00:38:50,29.1,86
2020-06-04 00:39:50,29.1,86
2020-06-04 00:40:50,29.1,86
2020-06-04 00:41:50,29.1,86
2020-06-04 00:42:50,29.1,86
2020-06-04 00:43:50,29.1,86
2020-06-04 00:44:50,29.1,86
2020-06-04 00:45:50,29.1,86
2020-06-04 00:46:50,29.1,86
2020-06-04 00:47:50,29.1,86
2020-06-04 00:48:50,29.1,86
2020-06-04 00:49:50,29.1,86
2020-06-04 00:50:50,29.1,86
2020-06-04 00:51:50,29.1,86
2020-06-04 00:52:50,29.1,86
2020-06-04 00:53:50,29.1,86
2020-06-04 00:54:50,29.1,86
2020-06-04 00:55:50,29.1,86
2020-06-04 00:56:50,29.1,86
2020-06-04 00:57:50,29.1,86
2020-06-04 00:58:50,29.1,86
2020-06-04 00:59:50,29.2,86
2020-06-04 01:00:50,29.2,86
2020-06-04 01:01:50,29.2,86
2020-06-04 01:02:50,29.2,86
2020-06-04 01:03:50,29.2,86
2020-06-04 01:04:50,29.1,86
2020-06-04 01:05:50,29.1,86
2020-06-04 01:06:50,29.1,86
2020-06-04 01:07:50,29.1,86
2020-06-04 01:08:50,29.1,86
2020-06-04 01:09:50,29.1,86
2020-06-04 01:10:50,29.2,86
2020-06-04 01:11:50,29.2,86
2020-06-04 01:12:50,29.1,86
2020-06-04 01:13:50,29.1,86
2020-06-04 01:14:50,29.1,86
2020-06-04 01:15:50,29.1,87
2020-06-04 01:16:50,29.1,87
2020-06-04 01:17:50,29.1,87
2020-06-04 01:18:50,29.0,87
2020-06-04 01:19:50,29.0,87
2020-06-04 01:20:50,29.0,87
2020-06-04 01:21:50,29.0,87
2020-06-04 01:22:50,29.0,87
2020-06-04 01:23:50,28.9,87
2020-06-04 01:24:50,28.9,88
2020-06-04 01:25:50,28.9,88
2020-06-04 01:26:50,28.9,88
2020-06-04 01:27:50,28.9,88
2020-06-04 01:28:50,28.9,88
2020-06-04 01:29:50,28.9,88
2020-06-04 01:30:50,28.9,88
2020-06-04 01:31:50,28.9,88
2020-06-04 01:32:50,28.9,88
2020-06-04 01:33:50,28.9,88
2020-06-04 01:34:50,28.9,88
2020-06-04 01:35:50,28.9,88
2020-06-04 01:36:50,28.9,88
2020-06-04 01:37:50,28.9,88
2020-06-04 01:38:50,28.8,89
2020-06-04 01:39:50,28.8,89
2020-06-04 01:40:50,28.8,89
2020-06-04 01:41:50,28.8,89
2020-06-04 01:42:50,28.8,89
2020-06-04 01:43:50,28.8,89
2020-06-04 01:44:50,28.8,89
2020-06-04 01:45:50,28.8,89
2020-06-04 01:46:50,28.8,89
2020-06-04 01:47:50,28.8,89
2020-06-04 01:48:50,28.8,89
2020-06-04 01:49:50,28.8,89
2020-06-04 01:50:50,28.8,89
2020-06-04 01:51:50,28.8,89
2020-06-04 01:52:50,28.8,89
2020-06-04 01:53:50,28.8,89
2020-06-04 01:54:50,28.8,90
2020-06-04 01:55:50,28.8,90
2020-06-04 01:56:50,28.8,90
2020-06-04 01:57:50,28.8,90
2020-06-04 01:58:50,28.8,89
2020-06-04 01:59:50,28.8,89
2020-06-04 02:00:50,28.8,89
2020-06-04 02:01:50,28.8,89
2020-06-04 02:02:50,28.8,89
2020-06-04 02:03:50,28.8,89
2020-06-04 02:04:50,28.8,89
2020-06-04 02:05:50,28.8,89
2020-06-04 02:06:50,28.8,89
2020-06-04 02:07:50,28.8,89
2020-06-04 02:08:50,28.8,89
2020-06-04 02:09:50,28.8,89
2020-06-04 02:10:50,28.8,89
2020-06-04 02:11:50,28.8,89
2020-06-04 02:12:50,28.8,89
2020-06-04 02:13:50,28.8,89
2020-06-04 02:14:50,28.9,89
2020-06-04 02:15:50,28.9,89
2020-06-04 02:16:50,28.9,89
2020-06-04 02:17:50,28.9,89
2020-06-04 02:18:50,28.9,89
2020-06-04 02:19:50,28.9,89
2020-06-04 02:20:50,28.9,89
2020-06-04 02:21:50,28.9,89
2020-06-04 02:22:50,28.8,89
2020-06-04 02:23:50,28.8,89
2020-06-04 02:24:50,28.8,89
2020-06-04 02:25:50,28.8,89
2020-06-04 02:26:50,28.8,89
2020-06-04 02:27:50,28.8,89
2020-06-04 02:28:50,28.8,89
2020-06-04 02:29:50,28.8,89
2020-06-04 02:30:50,28.7,89
2020-06-04 02:31:50,28.7,89
2020-06-04 02:32:50,28.7,89
2020-06-04 02:33:50,28.7,89
2020-06-04 02:34:50,28.7,89
2020-06-04 02:35:50,28.8,89
2020-06-04 02:36:50,28.8,89
2020-06-04 02:37:50,28.8,89
2020-06-04 02:38:50,28.8,89
2020-06-04 02:39:50,28.8,89
2020-06-04 02:40:50,28.8,89
2020-06-04 02:41:50,28.8,89
2020-06-04 02:42:50,28.8,88
2020-06-04 02:43:50,28.8,88
2020-06-04 02:44:50,28.9,88
2020-06-04 02:45:50,28.9,88
2020-06-04 02:46:50,28.9,88
2020-06-04 02:47:50,28.9,88
2020-06-04 02:48:50,28.9,88
2020-06-04 02:49:50,28.9,88
2020-06-04 02:50:50,28.9,88
2020-06-04 02:51:50,28.9,88
2020-06-04 02:52:50,28.9,88
2020-06-04 02:53:50,29.0,88
2020-06-04 02:54:50,29.0,88
2020-06-04 02:55:50,29.0,88
2020-06-04 02:56:50,29.0,87
2020-06-04 02:57:50,29.0,87
2020-06-04 02:58:50,29.0,87
2020-06-04 02:59:50,29.0,87
2020-06-04 03:00:50,29.0,87
2020-06-04 03:01:50,29.0,87
2020-06-04 03:02:50,29.0,87
2020-06-04 03:03:50,29.0,87
2020-06-04 03:04:50,29.0,87
2020-06-04 03:05:50,29.0,87
2020-06-04 03:06:50,29.0,87
2020-06-04 03:07:50,29.0,87
2020-06-04 03:08:50,29.0,87
2020-06-04 03:09:50,29.0,87
2020-06-04 03:10:50,29.0,87
2020-06-04 03:11:50,29.0,87
2020-06-04 03:12:50,29.0,87
2020-06-04 03:13:50,29.0,87
2020-06-04 03:14:50,29.0,87
2020-06-04 03:15:50,29.0,87
2020-06-04 03:16:50,29.0,87
2020-06-04 03:17:50,29.0,87
2020-06-04 03:18:50,29.0,87
2020-06-04 03:19:50,29.0,87
2020-06-04 03:20:50,29.0,87
2020-06-04 03:21:50,29.0,87
2020-06-04 03:22:50,28.9,87
2020-06-04 03:23:50,28.9,87
2020-06-04 03:24:50,28.9,87
2020-06-04 03:25:50,28.9,87
2020-06-04 03:26:50,28.9,87
2020-06-04 03:27:50,28.9,87
2020-06-04 03:28:50,28.9,87
2020-06-04 03:29:50,28.8,87
2020-06-04 03:30:50,28.9,87
2020-06-04 03:31:50,28.8,87
2020-06-04 03:32:50,28.8,87
2020-06-04 03:33:50,28.8,87
2020-06-04 03:34:50,28.8,87
2020-06-04 03:35:50,28.8,87
2020-06-04 03:36:50,28.8,87
2020-06-04 03:37:50,28.8,87
2020-06-04 03:38:50,28.8,87
2020-06-04 03:39:50,28.9,87
2020-06-04 03:40:50,28.9,87
2020-06-04 03:41:50,28.9,87
2020-06-04 03:42:50,28.9,87
2020-06-04 03:43:50,28.9,87
2020-06-04 03:44:50,28.9,87
2020-06-04 03:45:50,28.9,87
2020-06-04 03:46:50,28.9,87
2020-06-04 03:47:50,28.9,87
2020-06-04 03:48:50,28.9,87
2020-06-04 03:49:50,28.9,87
2020-06-04 03:50:50,28.9,87
2020-06-04 03:51:50,28.9,87
2020-06-04 03:52:50,29.0,87
2020-06-04 03:53:50,29.0,87
2020-06-04 03:54:50,29.0,87
2020-06-04 03:55:50,29.0,87
2020-06-04 03:56:50,29.0,87
2020-06-04 03:57:50,29.0,87
2020-06-04 03:58:50,29.0,87
2020-06-04 03:59:50,29.0,87
2020-06-04 04:00:50,29.0,87
2020-06-04 04:01:50,29.0,87
2020-06-04 04:02:50,29.0,87
2020-06-04 04:03:50,29.0,87
2020-06-04 04:04:50,29.0,87
2020-06-04 04:05:50,29.0,87
2020-06-04 04:06:50,29.0,87
2020-06-04 04:07:50,29.0,87
2020-06-04 04:08:50,29.0,87
2020-06-04 04:09:50,29.0,87
2020-06-04 04:10:50,29.0,87
2020-06-04 04:11:50,29.0,87
2020-06-04 04:12:50,29.0,87
2020-06-04 04:13:50,29.0,87
2020-06-04 04:14:50,29.0,87
2020-06-04 04:15:50,29.0,87
2020-06-04 04:16:50,29.0,87
2020-06-04 04:17:50,29.0,87
2020-06-04 04:18:50,28.9,87
2020-06-04 04:19:50,28.9,87
2020-06-04 04:20:50,28.9,87
2020-06-04 04:21:50,28.9,87
2020-06-04 04:22:50,28.9,87
2020-06-04 04:23:50,28.9,87
2020-06-04 04:24:50,28.9,87
2020-06-04 04:25:50,28.9,87
2020-06-04 04:26:50,28.9,87
2020-06-04 04:27:50,28.9,87
2020-06-04 04:28:50,28.9,87
2020-06-04 04:29:50,28.9,87
2020-06-04 04:30:50,28.8,87
2020-06-04 04:31:50,28.8,87
2020-06-04 04:32:50,28.8,87
2020-06-04 04:33:50,28.8,87
2020-06-04 04:34:50,28.8,87
2020-06-04 04:35:50,28.8,87
2020-06-04 04:36:50,28.8,87
2020-06-04 04:37:50,28.8,87
2020-06-04 04:38:50,28.8,87
2020-06-04 04:39:50,28.8,87
2020-06-04 04:40:50,28.8,88
2020-06-04 04:41:50,28.8,88
2020-06-04 04:42:50,28.8,88
2020-06-04 04:43:50,28.8,88
2020-06-04 04:44:50,28.8,88
2020-06-04 04:45:50,28.8,88
2020-06-04 04:46:50,28.8,88
2020-06-04 04:47:50,28.8,88
2020-06-04 04:48:50,28.7,88
2020-06-04 04:49:50,28.7,88
2020-06-04 04:50:50,28.7,88
2020-06-04 04:51:50,28.7,88
2020-06-04 04:52:50,28.7,88
2020-06-04 04:53:50,28.7,88
2020-06-04 04:54:50,28.7,88
2020-06-04 04:55:50,28.7,88
2020-06-04 04:56:50,28.7,88
2020-06-04 04:57:50,28.7,88
2020-06-04 04:58:50,28.7,88
2020-06-04 04:59:50,28.7,88
2020-06-04 05:00:50,28.7,88
2020-06-04 05:01:50,28.7,88
2020-06-04 05:02:50,28.7,88
2020-06-04 05:03:50,28.7,88
2020-06-04 05:04:50,28.7,88
2020-06-04 05:05:50,28.7,88
2020-06-04 05:06:50,28.7,88
2020-06-04 05:07:50,28.7,88
2020-06-04 05:08:50,28.7,88
2020-06-04 05:09:50,28.7,88
2020-06-04 05:10:50,28.7,88
2020-06-04 05:11:50,28.7,88
2020-06-04 05:12:50,28.7,88
2020-06-04 05:13:50,28.7,88
2020-06-04 05:14:50,28.7,88
2020-06-04 05:15:50,28.7,88
2020-06-04 05:16:50,28.7,88
2020-06-04 05:17:50,28.7,88
2020-06-04 05:18:50,28.8,88
2020-06-04 05:19:50,28.8,88
2020-06-04 05:20:50,28.8,88
2020-06-04 05:21:50,28.8,88
2020-06-04 05:22:50,28.8,88
2020-06-04 05:23:50,28.8,88
2020-06-04 05:24:50,28.7,88
2020-06-04 05:25:50,28.7,88
2020-06-04 05:26:50,28.8,88
2020-06-04 05:27:50,28.8,88
2020-06-04 05:28:50,28.8,88
2020-06-04 05:29:50,28.8,88
2020-06-04 05:30:50,28.8,88
2020-06-04 05:31:50,28.8,88
2020-06-04 05:32:50,28.8,88
2020-06-04 05:33:50,28.8,88
2020-06-04 05:34:50,28.8,88
2020-06-04 05:35:50,28.8,88
2020-06-04 05:36:50,28.8,88
2020-06-04 05:37:50,28.9,88
2020-06-04 05:38:50,28.9,88
2020-06-04 05:39:50,28.9,88
2020-06-04 05:40:50,29.0,88
2020-06-04 05:41:50,29.0,87
2020-06-04 05:42:50,29.0,87
2020-06-04 05:43:50,29.0,87
2020-06-04 05:44:50,29.0,87
2020-06-04 05:45:50,29.0,87
2020-06-04 05:46:50,29.1,87
2020-06-04 05:47:50,29.1,87
2020-06-04 05:48:50,29.1,87
2020-06-04 05:49:50,29.1,87
2020-06-04 05:50:50,29.1,87
2020-06-04 05:51:50,29.2,87
2020-06-04 05:52:50,29.2,87
2020-06-04 05:53:50,29.2,87
2020-06-04 05:54:50,29.2,86
2020-06-04 05:55:50,29.3,86
2020-06-04 05:56:50,29.3,86
2020-06-04 05:57:50,29.3,86
2020-06-04 05:58:50,29.3,86
2020-06-04 05:59:50,29.3,86
2020-06-04 06:00:50,29.3,86
2020-06-04 06:01:50,29.4,86
2020-06-04 06:02:50,29.4,86
2020-06-04 06:03:50,29.4,86
2020-06-04 06:04:50,29.4,86
2020-06-04 06:05:50,29.4,85
2020-06-04 06:06:50,29.4,86
2020-06-04 06:07:50,29.5,85
2020-06-04 06:08:50,29.5,85
2020-06-04 06:09:50,29.5,85
2020-06-04 06:10:50,29.5,85
2020-06-04 06:11:50,29.5,85
2020-06-04 06:12:50,29.5,85
2020-06-04 06:13:50,29.6,85
2020-06-04 06:14:50,29.6,85
2020-06-04 06:15:50,29.7,85
2020-06-04 06:16:50,29.7,84
2020-06-04 06:17:50,29.7,84
2020-06-04 06:18:50,29.7,84
2020-06-04 06:19:50,29.7,84
2020-06-04 06:20:50,29.8,84
2020-06-04 06:21:50,29.8,84
2020-06-04 06:22:50,29.8,84
2020-06-04 06:23:50,29.8,84
2020-06-04 06:24:50,29.8,84
2020-06-04 06:25:50,29.8,84
2020-06-04 06:26:50,29.9,84
2020-06-04 06:27:50,29.8,84
2020-06-04 06:28:50,29.8,84
2020-06-04 06:29:50,29.8,84
2020-06-04 06:30:50,29.8,84
2020-06-04 06:31:50,29.9,84
2020-06-04 06:32:50,29.9,84
2020-06-04 06:33:50,29.8,84
2020-06-04 06:34:50,29.8,84
2020-06-04 06:35:50,29.9,84
2020-06-04 06:36:50,29.8,84
2020-06-04 06:37:50,29.8,84
2020-06-04 06:38:50,29.8,84
2020-06-04 06:39:50,29.9,84
2020-06-04 06:40:50,29.9,84
2020-06-04 06:41:50,29.9,84
2020-06-04 06:42:50,30.0,84
2020-06-04 06:43:50,30.0,84
2020-06-04 06:44:50,30.0,83
2020-06-04 06:45:50,30.1,83
2020-06-04 06:46:50,30.0,83
2020-06-04 06:47:50,30.0,83
2020-06-04 06:48:50,30.0,83
2020-06-04 06:49:50,30.1,83
2020-06-04 06:50:50,30.1,83
2020-06-04 06:51:50,30.1,83
2020-06-04 06:52:50,30.2,83
2020-06-04 06:53:50,30.3,83
2020-06-04 06:54:50,30.3,82
2020-06-04 06:55:50,30.4,82
2020-06-04 06:56:50,30.5,82
2020-06-04 06:57:50,30.5,82
2020-06-04 06:58:50,30.6,81
2020-06-04 06:59:50,30.7,81
2020-06-04 07:00:50,30.6,81
2020-06-04 07:01:50,30.6,81
2020-06-04 07:02:50,30.5,81
2020-06-04 07:03:50,30.5,81
2020-06-04 07:04:50,30.6,82
2020-06-04 07:05:50,30.7,81
2020-06-04 07:06:50,30.7,81
2020-06-04 07:07:50,30.7,81
2020-06-04 07:08:50,30.6,81
2020-06-04 07:09:50,30.6,81
2020-06-04 07:10:50,30.6,81
2020-06-04 07:11:50,30.7,81
2020-06-04 07:12:50,30.7,81
2020-06-04 07:13:50,30.8,81
2020-06-04 07:14:50,30.8,81
2020-06-04 07:15:50,30.8,81
2020-06-04 07:16:50,30.9,81
2020-06-04 07:17:50,30.9,80
2020-06-04 07:18:50,30.7,80
2020-06-04 07:19:50,30.6,81
2020-06-04 07:20:50,30.6,81
2020-06-04 07:21:50,30.7,81
2020-06-04 07:22:50,30.6,81
2020-06-04 07:23:50,30.5,81
2020-06-04 07:24:50,30.5,81
2020-06-04 07:25:50,30.5,81
2020-06-04 07:26:50,30.5,82
2020-06-04 07:27:50,30.5,82
2020-06-04 07:28:50,30.5,82
2020-06-04 07:29:50,30.5,82
2020-06-04 07:30:50,30.5,82
2020-06-04 07:31:50,30.6,82
2020-06-04 07:32:50,30.5,82
2020-06-04 07:33:50,30.5,82
2020-06-04 07:34:50,30.6,82
2020-06-04 07:35:50,30.7,82
2020-06-04 07:36:50,30.7,81
2020-06-04 07:37:50,30.8,81
2020-06-04 07:38:50,30.8,81
2020-06-04 07:39:50,30.9,81
2020-06-04 07:40:50,30.9,80
2020-06-04 07:41:50,30.9,80
2020-06-04 07:42:50,30.8,80
2020-06-04 07:43:50,30.8,80
2020-06-04 07:44:50,30.8,81
2020-06-04 07:45:50,31.0,81
2020-06-04 07:46:50,31.0,80
2020-06-04 07:47:50,31.1,80
2020-06-04 07:48:50,31.2,80
2020-06-04 07:49:50,31.2,79
2020-06-04 07:50:50,31.3,79
2020-06-04 07:51:50,31.4,79
2020-06-04 07:52:50,31.3,79
2020-06-04 07:53:50,31.3,79
2020-06-04 07:54:50,31.2,79
2020-06-04 07:55:50,31.1,79
2020-06-04 07:56:50,31.2,79
2020-06-04 07:57:50,31.3,79
2020-06-04 07:58:50,31.4,79
2020-06-04 07:59:50,31.3,79
2020-06-04 08:00:50,31.3,79
2020-06-04 08:01:50,31.2,79
2020-06-04 08:02:50,31.2,79
2020-06-04 08:03:50,31.2,79
2020-06-04 08:04:50,31.3,79
2020-06-04 08:05:50,31.5,79
2020-06-04 08:06:50,31.5,78
2020-06-04 08:07:50,31.5,78
2020-06-04 08:08:50,31.5,78
2020-06-04 08:09:50,31.5,78
2020-06-04 08:10:50,31.5,78
2020-06-04 08:11:50,31.6,78
2020-06-04 08:12:50,31.6,78
2020-06-04 08:13:50,31.7,78
2020-06-04 08:14:50,31.7,78
2020-06-04 08:15:50,31.8,77
2020-06-04 08:16:50,31.9,77
2020-06-04 08:17:50,32.0,76
2020-06-04 08:18:50,32.2,76
2020-06-04 08:19:50,32.3,75
2020-06-04 08:20:50,32.3,75
2020-06-04 08:21:50,32.4,75
2020-06-04 08:22:50,32.5,74
2020-06-04 08:23:50,32.7,74
2020-06-04 08:24:50,32.5,74
2020-06-04 08:25:50,32.4,74
2020-06-04 08:26:50,32.4,75
2020-06-04 08:27:50,32.4,75
2020-06-04 08:28:50,32.5,75
2020-06-04 08:29:50,32.6,74
2020-06-04 08:30:50,32.8,74
2020-06-04 08:31:50,32.8,74
2020-06-04 08:32:50,32.8,73
2020-06-04 08:33:50,32.9,73
2020-06-04 08:34:50,32.9,73
2020-06-04 08:35:50,33.0,72
2020-06-04 08:36:50,33.0,72
2020-06-04 08:37:50,32.9,72
2020-06-04 08:38:50,32.9,72
2020-06-04 08:39:50,32.9,72
2020-06-04 08:40:50,33.0,72
2020-06-04 08:41:50,33.1,72
2020-06-04 08:42:50,33.2,72
2020-06-04 08:43:50,33.4,71
2020-06-04 08:44:50,33.4,70
2020-06-04 08:45:50,33.3,70
2020-06-04 08:46:50,33.3,71
2020-06-04 08:47:50,33.2,71
2020-06-04 08:48:50,33.3,72
2020-06-04 08:49:50,33.4,72
2020-06-04 08:50:50,33.4,71
2020-06-04 08:51:50,33.4,71
2020-06-04 08:52:50,33.5,71
2020-06-04 08:53:50,33.5,71
2020-06-04 08:54:50,33.3,71
2020-06-04 08:55:50,33.4,71
2020-06-04 08:56:50,33.5,71
2020-06-04 08:57:50,33.5,70
2020-06-04 08:58:50,33.7,70
2020-06-04 08:59:50,33.8,70
2020-06-04 09:00:50,33.8,70
2020-06-04 09:01:50,33.7,70
2020-06-04 09:02:50,33.5,70
2020-06-04 09:03:50,33.4,70
2020-06-04 09:04:50,33.5,70
2020-06-04 09:05:50,33.7,70
2020-06-04 09:06:50,33.9,70
2020-06-04 09:07:50,33.6,69
2020-06-04 09:08:50,33.5,69
2020-06-04 09:09:50,33.4,69
2020-06-04 09:10:50,33.6,68
2020-06-04 09:11:50,33.7,68
2020-06-04 09:12:50,33.5,69
2020-06-04 09:13:50,33.4,69
2020-06-04 09:14:50,33.3,70
2020-06-04 09:15:50,33.4,70
2020-06-04 09:16:50,33.5,70
2020-06-04 09:17:50,33.7,69
2020-06-04 09:18:50,33.8,69
2020-06-04 09:19:50,33.7,69
2020-06-04 09:20:50,33.7,69
2020-06-04 09:21:50,33.8,69
2020-06-04 09:22:50,33.8,68
2020-06-04 09:23:50,33.9,67
2020-06-04 09:24:50,34.1,67
2020-06-04 09:25:50,34.3,66
2020-06-04 09:26:50,34.5,66
2020-06-04 09:27:50,34.5,66
2020-06-04 09:28:50,34.3,66
2020-06-04 09:29:50,34.2,65
2020-06-04 09:30:50,34.2,65
2020-06-04 09:31:50,34.2,65
2020-06-04 09:32:50,34.3,65
2020-06-04 09:33:50,34.4,64
2020-06-04 09:34:50,34.6,64
2020-06-04 09:35:50,34.7,64
2020-06-04 09:36:50,34.8,63
2020-06-04 09:37:50,34.8,63
2020-06-04 09:38:50,34.8,64
2020-06-04 09:39:50,34.7,63
2020-06-04 09:40:50,34.7,63
2020-06-04 09:41:50,34.7,63
2020-06-04 09:42:50,34.7,64
2020-06-04 09:43:50,34.7,65
2020-06-04 09:44:50,34.9,65
2020-06-04 09:45:50,35.0,63
2020-06-04 09:46:50,34.8,63
2020-06-04 09:47:50,34.6,64
2020-06-04 09:48:50,34.5,64
2020-06-04 09:49:50,34.4,64
2020-06-04 09:50:50,34.5,64
2020-06-04 09:51:50,34.7,64
2020-06-04 09:52:50,34.9,63
2020-06-04 09:53:50,35.1,63
2020-06-04 09:54:50,35.2,63
2020-06-04 09:55:50,34.9,64
2020-06-04 09:56:50,34.9,63
2020-06-04 09:57:50,35.0,63
2020-06-04 09:58:50,35.1,63
2020-06-04 09:59:50,35.3,62
2020-06-04 10:00:50,35.6,62
2020-06-04 10:01:50,35.8,62
2020-06-04 10:02:50,35.5,62
2020-06-04 10:03:50,35.4,62
2020-06-04 10:04:50,35.3,63
2020-06-04 10:05:50,35.2,63
2020-06-04 10:06:50,35.1,63
2020-06-04 10:07:50,35.3,62
2020-06-04 10:08:50,35.4,61
2020-06-04 10:09:50,35.5,62
2020-06-04 10:10:50,35.6,62
2020-06-04 10:11:50,35.5,62
2020-06-04 10:12:50,35.5,62
2020-06-04 10:13:50,35.4,63
2020-06-04 10:14:50,35.5,62
2020-06-04 10:15:50,35.5,60
2020-06-04 10:16:50,35.4,60
2020-06-04 10:17:50,35.2,61
2020-06-04 10:18:50,35.1,62
2020-06-04 10:19:50,35.2,61
2020-06-04 10:20:50,35.3,62
2020-06-04 10:21:50,35.2,61
2020-06-04 10:22:50,35.3,62
2020-06-04 10:23:50,35.5,61
2020-06-04 10:24:50,35.8,61
2020-06-04 10:25:50,35.8,59
2020-06-04 10:26:50,35.7,59
2020-06-04 10:27:50,35.8,59
2020-06-04 10:28:50,35.9,58
2020-06-04 10:29:50,36.1,58
2020-06-04 10:30:50,36.3,58
2020-06-04 10:31:50,36.4,58
2020-06-04 10:32:50,36.6,57
2020-06-04 10:33:50,36.8,57
2020-06-04 10:34:50,36.7,57
2020-06-04 10:35:50,36.6,57
2020-06-04 10:36:50,36.6,57
2020-06-04 10:37:50,36.5,58
2020-06-04 10:38:50,36.4,58
2020-06-04 10:39:50,36.2,58
2020-06-04 10:40:50,36.1,58
2020-06-04 10:41:50,35.7,58
2020-06-04 10:42:50,35.6,59
2020-06-04 10:43:50,35.7,59
2020-06-04 10:44:50,35.7,59
2020-06-04 10:45:50,35.7,58
2020-06-04 10:46:50,35.7,58
2020-06-04 10:47:50,35.7,57
2020-06-04 10:48:50,35.8,58
2020-06-04 10:49:50,36.0,58
2020-06-04 10:50:50,36.1,56
2020-06-04 10:51:50,36.1,57
2020-06-04 10:52:50,36.0,59
2020-06-04 10:53:50,36.0,59
2020-06-04 10:54:50,36.2,59
2020-06-04 10:55:50,36.6,58
2020-06-04 10:56:50,36.7,57
2020-06-04 10:57:50,36.7,57
2020-06-04 10:58:50,36.9,57
2020-06-04 10:59:50,36.7,56
2020-06-04 11:00:50,36.9,55
2020-06-04 11:01:50,37.1,55
2020-06-04 11:02:50,37.1,55
2020-06-04 11:03:50,37.1,55
2020-06-04 11:04:50,37.0,55
2020-06-04 11:05:50,36.9,55
2020-06-04 11:06:50,36.8,56
2020-06-04 11:07:50,36.8,56
2020-06-04 11:08:50,36.8,56
2020-06-04 11:09:50,36.7,56
2020-06-04 11:10:50,36.8,56
2020-06-04 11:11:50,36.9,55
2020-06-04 11:12:50,37.1,55
2020-06-04 11:13:50,37.2,54
2020-06-04 11:14:50,36.7,54
2020-06-04 11:15:50,36.5,55
2020-06-04 11:16:50,36.6,55
2020-06-04 11:17:50,36.7,55
2020-06-04 11:18:50,37.0,55
2020-06-04 11:19:50,37.2,54
2020-06-04 11:20:50,37.4,54
2020-06-04 11:21:50,37.6,53
2020-06-04 11:22:50,37.4,52
2020-06-04 11:23:50,37.1,53
2020-06-04 11:24:50,37.1,54
2020-06-04 11:25:50,37.1,53
2020-06-04 11:26:50,37.1,54
2020-06-04 11:27:50,37.1,54
2020-06-04 11:28:50,37.2,54
2020-06-04 11:29:50,37.2,55
2020-06-04 11:30:50,37.2,55
2020-06-04 11:31:50,37.1,55
2020-06-04 11:32:50,37.2,56
2020-06-04 11:33:50,37.0,55
2020-06-04 11:34:50,37.0,55
2020-06-04 11:35:50,37.2,55
2020-06-04 11:36:50,37.1,55
2020-06-04 11:37:50,37.1,55
2020-06-04 11:38:50,37.0,55
2020-06-04 11:39:50,37.2,54
2020-06-04 11:40:50,37.3,54
2020-06-04 11:41:50,37.4,54
2020-06-04 11:42:50,37.3,53
2020-06-04 11:43:50,37.3,53
2020-06-04 11:44:50,37.4,52
2020-06-04 11:45:50,37.7,52
2020-06-04 11:46:50,37.9,52
2020-06-04 11:47:50,37.7,52
2020-06-04 11:48:50,37.6,53
2020-06-04 11:49:50,37.6,53
2020-06-04 11:50:50,37.5,53
2020-06-04 11:51:50,37.3,53
2020-06-04 11:52:50,37.3,54
2020-06-04 11:53:50,37.2,53
2020-06-04 11:54:50,37.4,53
2020-06-04 11:55:50,37.4,53
2020-06-04 11:56:50,37.6,53
2020-06-04 11:57:50,37.6,53
2020-06-04 11:58:50,37.8,53
2020-06-04 11:59:50,37.7,52
2020-06-04 12:00:50,37.6,52
2020-06-04 12:01:50,37.3,52
2020-06-04 12:02:50,37.0,53
2020-06-04 12:03:50,37.2,53
2020-06-04 12:04:50,37.3,53
2020-06-04 12:05:50,37.6,53
2020-06-04 12:06:50,37.8,52
2020-06-04 12:07:50,37.8,52
2020-06-04 12:08:50,37.7,52
2020-06-04 12:09:50,37.8,52
2020-06-04 12:10:50,37.6,52
2020-06-04 12:11:50,37.6,51
2020-06-04 12:12:50,37.7,52
2020-06-04 12:13:50,37.8,51
2020-06-04 12:14:50,38.0,51
2020-06-04 12:15:50,38.2,50
2020-06-04 12:16:50,38.3,51
2020-06-04 12:17:50,38.4,50
2020-06-04 12:18:50,38.5,50
2020-06-04 12:19:50,38.3,49
2020-06-04 12:20:50,38.2,50
2020-06-04 12:21:50,38.1,50
2020-06-04 12:22:50,38.0,50
2020-06-04 12:23:50,38.0,50
2020-06-04 12:24:50,38.0,51
2020-06-04 12:25:50,38.1,51
2020-06-04 12:26:50,38.1,51
2020-06-04 12:27:50,38.2,51
2020-06-04 12:28:50,38.2,51
2020-06-04 12:29:50,38.2,50
2020-06-04 12:30:50,38.2,49
2020-06-04 12:31:50,38.6,49
2020-06-04 12:32:50,39.0,49
2020-06-04 12:33:50,38.9,47
2020-06-04 12:34:50,39.1,48
2020-06-04 12:35:50,38.6,47
2020-06-04 12:36:50,38.4,47
2020-06-04 12:37:50,38.4,48
2020-06-04 12:38:50,38.4,48
2020-06-04 12:39:50,38.5,48
2020-06-04 12:40:50,38.7,48
2020-06-04 12:41:50,38.8,48
2020-06-04 12:42:50,38.7,47
2020-06-04 12:43:50,38.9,47
2020-06-04 12:44:50,38.8,48
2020-06-04 12:45:50,38.8,47
2020-06-04 12:46:50,38.9,47
2020-06-04 12:47:50,38.9,47
2020-06-04 12:48:50,38.9,47
2020-06-04 12:49:50,39.1,47
2020-06-04 12:50:50,38.8,47
2020-06-04 12:51:50,38.9,48
2020-06-04 12:52:50,38.9,48
2020-06-04 12:53:50,38.7,48
2020-06-04 12:54:50,38.5,48
2020-06-04 12:55:50,38.4,48
2020-06-04 12:56:50,38.6,49
2020-06-04 12:57:50,38.7,48
2020-06-04 12:58:50,38.9,47
2020-06-04 12:59:50,38.9,47
2020-06-04 13:00:50,39.1,47
2020-06-04 13:01:50,39.3,46
2020-06-04 13:02:50,39.4,46
2020-06-04 13:03:50,39.6,46
2020-06-04 13:04:50,39.6,45
2020-06-04 13:05:50,39.5,45
2020-06-04 13:06:50,39.1,46
2020-06-04 13:07:50,39.0,47
2020-06-04 13:08:50,38.8,47
2020-06-04 13:09:50,38.9,47
2020-06-04 13:10:50,39.1,47
2020-06-04 13:11:50,39.0,46
2020-06-04 13:12:50,38.9,46
2020-06-04 13:13:50,39.0,47
2020-06-04 13:14:50,39.2,46
2020-06-04 13:15:50,38.8,46
2020-06-04 13:16:50,38.7,47
2020-06-04 13:17:50,38.8,47
2020-06-04 13:18:50,39.1,46
2020-06-04 13:19:50,39.2,46
2020-06-04 13:20:50,39.3,45
2020-06-04 13:21:50,39.5,45
2020-06-04 13:22:50,39.7,45
2020-06-04 13:23:50,39.7,45
2020-06-04 13:24:50,39.8,44
2020-06-04 13:25:50,39.8,44
2020-06-04 13:26:50,39.7,44
2020-06-04 13:27:50,39.5,44
2020-06-04 13:28:50,39.7,44
2020-06-04 13:29:50,39.9,44
2020-06-04 13:30:50,40.3,44
2020-06-04 13:31:50,40.4,43
2020-06-04 13:32:50,40.1,43
2020-06-04 13:33:50,39.6,43
2020-06-04 13:34:50,39.8,44
2020-06-04 13:35:50,39.7,44
2020-06-04 13:36:50,39.8,44
2020-06-04 13:37:50,39.7,45
2020-06-04 13:38:50,39.7,44
2020-06-04 13:39:50,39.9,44
2020-06-04 13:40:50,39.7,44
2020-06-04 13:41:50,39.2,44
2020-06-04 13:42:50,39.4,45
2020-06-04 13:43:50,39.6,44
2020-06-04 13:44:50,39.6,44
2020-06-04 13:45:50,39.1,45
2020-06-04 13:46:50,39.1,45
2020-06-04 13:47:50,39.4,44
2020-06-04 13:48:50,39.3,44
2020-06-04 13:49:50,39.0,45
2020-06-04 13:50:50,39.1,45
2020-06-04 13:51:50,39.2,45
2020-06-04 13:52:50,39.3,45
2020-06-04 13:53:50,39.7,44
2020-06-04 13:54:50,40.0,43
2020-06-04 13:55:50,40.1,43
2020-06-04 13:56:50,39.7,43
2020-06-04 13:57:50,39.3,44
2020-06-04 13:58:50,39.0,45
2020-06-04 13:59:50,38.8,45
2020-06-04 14:00:50,39.3,44
2020-06-04 14:01:50,39.7,43
2020-06-04 14:02:50,39.8,43
2020-06-04 14:03:50,39.9,42
2020-06-04 14:04:50,39.9,43
2020-06-04 14:05:50,40.5,42
2020-06-04 14:06:50,40.9,41
2020-06-04 14:07:50,40.9,40
2020-06-04 14:08:50,40.9,41
2020-06-04 14:09:50,41.0,41
2020-06-04 14:10:50,40.4,41
2020-06-04 14:11:50,40.4,41
2020-06-04 14:12:50,39.9,41
2020-06-04 14:13:50,40.1,42
2020-06-04 14:14:50,40.1,42
2020-06-04 14:15:50,40.3,42
2020-06-04 14:16:50,40.4,41
2020-06-04 14:17:50,40.5,42
2020-06-04 14:18:50,40.8,41
2020-06-04 14:19:50,41.0,41
2020-06-04 14:20:50,41.0,41
2020-06-04 14:21:50,40.9,41
2020-06-04 14:22:50,40.8,42
2020-06-04 14:23:50,40.8,42
2020-06-04 14:24:50,40.8,42
2020-06-04 14:25:50,40.9,43
2020-06-04 14:26:50,40.5,44
2020-06-04 14:27:50,40.5,44
2020-06-04 14:28:50,40.7,44
2020-06-04 14:29:50,40.9,44
2020-06-04 14:30:50,41.0,44
2020-06-04 14:31:50,40.8,44
2020-06-04 14:32:50,40.5,44
2020-06-04 14:33:50,40.4,44
2020-06-04 14:34:50,40.6,44
2020-06-04 14:35:50,40.3,44
2020-06-04 14:36:50,40.2,45
2020-06-04 14:37:50,40.5,45
2020-06-04 14:38:50,40.7,45
2020-06-04 14:39:50,40.7,45
2020-06-04 14:40:50,40.1,45
2020-06-04 14:41:50,39.7,47
2020-06-04 14:42:50,39.8,48
2020-06-04 14:43:50,39.8,48
2020-06-04 14:44:50,40.0,48
2020-06-04 14:45:50,40.1,48
2020-06-04 14:46:50,39.7,47
2020-06-04 14:47:50,39.6,48
2020-06-04 14:48:50,39.4,49
2020-06-04 14:49:50,39.6,48
2020-06-04 14:50:50,39.3,49
2020-06-04 14:51:50,39.2,49
2020-06-04 14:52:50,39.3,49
2020-06-04 14:53:50,39.8,48
2020-06-04 14:54:50,40.0,47
2020-06-04 14:55:50,39.6,47
2020-06-04 14:56:50,39.4,48
2020-06-04 14:57:50,39.5,48
2020-06-04 14:58:50,39.6,48
2020-06-04 14:59:50,39.5,48
2020-06-04 15:00:50,39.6,48
2020-06-04 15:01:50,39.9,48
2020-06-04 15:02:50,39.7,47
2020-06-04 15:03:50,39.6,47
2020-06-04 15:04:50,39.5,48
2020-06-04 15:05:50,39.4,48
2020-06-04 15:06:50,39.7,48
2020-06-04 15:07:50,39.8,47
2020-06-04 15:08:50,40.0,46
2020-06-04 15:09:50,39.8,47
2020-06-04 15:10:50,39.6,48
2020-06-04 15:11:50,39.6,47
2020-06-04 15:12:50,40.0,47
2020-06-04 15:13:50,40.2,46
2020-06-04 15:14:50,39.8,45
2020-06-04 15:15:50,39.4,46
2020-06-04 15:16:50,39.1,47
2020-06-04 15:17:50,39.0,48
2020-06-04 15:18:50,38.8,48
2020-06-04 15:19:50,39.1,48
2020-06-04 15:20:50,39.3,47
2020-06-04 15:21:50,39.0,47
2020-06-04 15:22:50,39.0,47
2020-06-04 15:23:50,39.0,48
2020-06-04 15:24:50,38.8,49
2020-06-04 15:25:50,38.7,49
2020-06-04 15:26:50,38.5,49
2020-06-04 15:27:50,38.7,50
2020-06-04 15:28:50,38.6,49
2020-06-04 15:29:50,38.4,49
2020-06-04 15:30:50,38.6,49
2020-06-04 15:31:50,38.7,49
2020-06-04 15:32:50,38.9,48
2020-06-04 15:33:50,39.1,48
2020-06-04 15:34:50,39.1,47
2020-06-04 15:35:50,39.1,47
2020-06-04 15:36:50,39.1,47
2020-06-04 15:37:50,38.9,47
2020-06-04 15:38:50,38.4,48
2020-06-04 15:39:50,38.4,49
2020-06-04 15:40:50,38.6,49
2020-06-04 15:41:50,38.5,49
2020-06-04 15:42:50,38.8,49
2020-06-04 15:43:50,38.8,48
2020-06-04 15:44:50,38.7,48
2020-06-04 15:45:50,38.6,48
2020-06-04 15:46:50,38.7,48
2020-06-04 15:47:50,38.7,48
2020-06-04 15:48:50,38.3,48
2020-06-04 15:49:50,38.4,49
2020-06-04 15:50:50,38.3,49
2020-06-04 15:51:50,38.5,49
2020-06-04 15:52:50,38.5,49
2020-06-04 15:53:50,38.6,49
2020-06-04 15:54:50,38.8,48
2020-06-04 15:55:50,38.7,48
2020-06-04 15:56:50,38.7,47
2020-06-04 15:57:50,38.5,47
2020-06-04 15:58:50,38.4,48
2020-06-04 15:59:50,38.7,49
2020-06-04 16:00:50,38.2,48
2020-06-04 16:01:50,38.3,49
2020-06-04 16:02:50,38.3,49
2020-06-04 16:03:50,38.1,49
2020-06-04 16:04:50,38.1,49
2020-06-04 16:05:50,37.9,49
2020-06-04 16:06:50,37.8,49
2020-06-04 16:07:50,37.7,50
2020-06-04 16:08:50,37.8,50
2020-06-04 16:09:50,37.9,49
2020-06-04 16:10:50,38.0,49
2020-06-04 16:11:50,37.9,49
2020-06-04 16:12:50,37.6,49
2020-06-04 16:13:50,37.6,50
2020-06-04 16:14:50,37.6,49
2020-06-04 16:15:50,37.6,50
2020-06-04 16:16:50,37.7,49
2020-06-04 16:17:50,37.7,49
2020-06-04 16:18:50,37.6,49
2020-06-04 16:19:50,37.4,49
2020-06-04 16:20:50,37.4,50
2020-06-04 16:21:50,37.4,50
2020-06-04 16:22:50,37.4,50
2020-06-04 16:23:50,37.4,50
2020-06-04 16:24:50,37.3,50
2020-06-04 16:25:50,37.2,50
2020-06-04 16:26:50,37.2,50
2020-06-04 16:27:50,37.3,50
2020-06-04 16:28:50,37.2,50
2020-06-04 16:29:50,37.2,50
2020-06-04 16:30:50,37.2,50
2020-06-04 16:31:50,37.2,50
2020-06-04 16:32:50,37.2,50
2020-06-04 16:33:50,37.1,50
2020-06-04 16:34:50,37.3,51
2020-06-04 16:35:50,37.1,51
2020-06-04 16:36:50,36.9,51
2020-06-04 16:37:50,36.8,51
2020-06-04 16:38:50,36.7,52
2020-06-04 16:39:50,36.5,52
2020-06-04 16:40:50,36.7,52
2020-06-04 16:41:50,36.6,52
2020-06-04 16:42:50,36.8,52
2020-06-04 16:43:50,36.7,52
2020-06-04 16:44:50,36.6,52
2020-06-04 16:45:50,36.6,53
2020-06-04 16:46:50,36.9,53
2020-06-04 16:47:50,37.0,52
2020-06-04 16:48:50,36.8,51
2020-06-04 16:49:50,36.6,52
2020-06-04 16:50:50,36.4,51
2020-06-04 16:51:50,36.4,52
2020-06-04 16:52:50,36.5,51
2020-06-04 16:53:50,36.4,51
2020-06-04 16:54:50,36.3,52
2020-06-04 16:55:50,36.1,52
2020-06-04 16:56:50,36.0,53
2020-06-04 16:57:50,36.0,53
2020-06-04 16:58:50,36.0,53
2020-06-04 16:59:50,36.1,53
2020-06-04 17:00:50,36.0,53
2020-06-04 17:01:50,36.1,53
2020-06-04 17:02:50,36.1,53
2020-06-04 17:03:50,36.1,53
2020-06-04 17:04:50,36.1,52
2020-06-04 17:05:50,36.0,52
2020-06-04 17:06:50,35.9,52
2020-06-04 17:07:50,35.7,53
2020-06-04 17:08:50,35.6,53
2020-06-04 17:09:50,35.7,53
2020-06-04 17:10:50,35.6,53
2020-06-04 17:11:50,35.6,54
2020-06-04 17:12:50,35.6,54
2020-06-04 17:13:50,35.5,54
2020-06-04 17:14:50,35.4,54
2020-06-04 17:15:50,35.3,55
2020-06-04 17:16:50,35.2,55
2020-06-04 17:17:50,35.2,56
2020-06-04 17:18:50,35.1,56
2020-06-04 17:19:50,35.1,56
2020-06-04 17:20:50,35.1,56
2020-06-04 17:21:50,35.1,56
2020-06-04 17:22:50,35.1,56
2020-06-04 17:23:50,35.0,57
2020-06-04 17:24:50,34.9,57
2020-06-04 17:25:50,34.8,57
2020-06-04 17:26:50,34.7,57
2020-06-04 17:27:50,34.7,57
2020-06-04 17:28:50,34.7,57
2020-06-04 17:29:50,34.6,57
2020-06-04 17:30:50,34.5,57
2020-06-04 17:31:50,34.5,57
2020-06-04 17:32:50,34.6,58
2020-06-04 17:33:50,34.6,57
2020-06-04 17:34:50,34.5,57
2020-06-04 17:35:50,34.4,57
2020-06-04 17:36:50,34.3,57
2020-06-04 17:37:50,34.3,58
2020-06-04 17:38:50,34.3,57
2020-06-04 17:39:50,34.2,57
2020-06-04 17:40:50,34.1,58
2020-06-04 17:41:50,34.0,58
2020-06-04 17:42:50,34.1,58
2020-06-04 17:43:50,34.1,58
2020-06-04 17:44:50,34.0,58
2020-06-04 17:45:50,34.0,58
2020-06-04 17:46:50,34.0,58
2020-06-04 17:47:50,34.0,58
2020-06-04 17:48:50,33.9,58
2020-06-04 17:49:50,33.9,58
2020-06-04 17:50:50,33.9,58
2020-06-04 17:51:50,33.9,59
2020-06-04 17:52:50,33.9,59
2020-06-04 17:53:50,34.0,59
2020-06-04 17:54:50,34.0,59
2020-06-04 17:55:50,34.0,59
2020-06-04 17:56:50,33.9,60
2020-06-04 17:57:50,33.9,61
2020-06-04 17:58:50,33.9,61
2020-06-04 17:59:50,33.8,61
2020-06-04 18:00:50,33.8,61
2020-06-04 18:01:50,33.8,61
2020-06-04 18:02:50,33.8,61
2020-06-04 18:03:50,33.7,61
2020-06-04 18:04:50,33.6,60
2020-06-04 18:05:50,33.6,60
2020-06-04 18:06:50,33.5,60
2020-06-04 18:07:50,33.4,60
2020-06-04 18:08:50,33.5,60
2020-06-04 18:09:50,33.4,61
2020-06-04 18:10:50,33.4,61
2020-06-04 18:11:50,33.4,61
2020-06-04 18:12:50,33.4,61
2020-06-04 18:13:50,33.4,61
2020-06-04 18:14:50,33.3,62
2020-06-04 18:15:50,33.3,62
2020-06-04 18:16:50,33.2,62
2020-06-04 18:17:50,33.2,62
2020-06-04 18:18:50,33.1,62
2020-06-04 18:19:50,33.1,63
2020-06-04 18:20:50,33.0,63
2020-06-04 18:21:50,33.0,63
2020-06-04 18:22:50,33.0,63
2020-06-04 18:23:50,33.0,63
2020-06-04 18:24:50,33.0,63
2020-06-04 18:25:50,33.0,63
2020-06-04 18:26:50,32.9,64
2020-06-04 18:27:50,32.9,64
2020-06-04 18:28:50,32.9,64
2020-06-04 18:29:50,32.9,64
2020-06-04 18:30:50,32.8,64
2020-06-04 18:31:50,32.8,64
2020-06-04 18:32:50,32.8,65
2020-06-04 18:33:50,32.8,64
2020-06-04 18:34:50,32.7,65
2020-06-04 18:35:50,32.7,65
2020-06-04 18:36:50,32.7,65
2020-06-04 18:37:50,32.6,65
2020-06-04 18:38:50,32.6,65
2020-06-04 18:39:50,32.6,65
2020-06-04 18:40:50,32.6,65
2020-06-04 18:41:50,32.6,64
2020-06-04 18:42:50,32.6,64
2020-06-04 18:43:50,32.5,65
2020-06-04 18:44:50,32.5,65
2020-06-04 18:45:50,32.5,65
2020-06-04 18:46:50,32.5,65
2020-06-04 18:47:50,32.5,65
2020-06-04 18:48:50,32.5,65
2020-06-04 18:49:50,32.4,66
2020-06-04 18:50:50,32.4,66
2020-06-04 18:51:50,32.4,66
2020-06-04 18:52:50,32.4,66
2020-06-04 18:53:50,32.3,66
2020-06-04 18:54:50,32.3,66
2020-06-04 18:55:50,32.3,66
2020-06-04 18:56:50,32.3,66
2020-06-04 18:57:50,32.3,66
2020-06-04 18:58:50,32.3,66
2020-06-04 18:59:50,32.3,66
2020-06-04 19:00:50,32.2,66
2020-06-04 19:01:50,32.2,66
2020-06-04 19:02:50,32.2,66
2020-06-04 19:03:50,32.1,67
2020-06-04 19:04:50,32.1,67
2020-06-04 19:05:50,32.1,67
2020-06-04 19:06:50,32.1,68
2020-06-04 19:07:50,32.1,67
2020-06-04 19:08:50,32.1,67
2020-06-04 19:09:50,32.1,67
2020-06-04 19:10:50,32.1,68
2020-06-04 19:11:50,32.1,68
2020-06-04 19:12:50,32.0,68
2020-06-04 19:13:50,32.0,68
2020-06-04 19:14:50,32.0,68
2020-06-04 19:15:50,32.0,68
2020-06-04 19:16:50,32.0,68
2020-06-04 19:17:50,32.0,68
2020-06-04 19:18:50,32.0,68
2020-06-04 19:19:50,32.0,68
2020-06-04 19:20:50,31.9,68
2020-06-04 19:21:50,32.0,68
2020-06-04 19:22:50,32.0,68
2020-06-04 19:23:50,31.9,67
2020-06-04 19:24:50,31.9,67
2020-06-04 19:25:50,31.9,67
2020-06-04 19:26:50,31.9,67
2020-06-04 19:27:50,31.9,68
2020-06-04 19:28:50,31.9,68
2020-06-04 19:29:50,31.8,68
2020-06-04 19:30:50,31.8,68
2020-06-04 19:31:50,31.8,68
2020-06-04 19:32:50,31.8,68
2020-06-04 19:33:50,31.8,68
2020-06-04 19:34:50,31.8,68
2020-06-04 19:35:50,31.8,68
2020-06-04 19:36:50,31.7,68
2020-06-04 19:37:50,31.7,69
2020-06-04 19:38:50,31.7,68
2020-06-04 19:39:50,31.7,68
2020-06-04 19:40:50,31.7,68
2020-06-04 19:41:50,31.6,69
2020-06-04 19:42:50,31.6,69
2020-06-04 19:43:50,31.6,69
2020-06-04 19:44:50,31.6,68
2020-06-04 19:45:50,31.6,68
2020-06-04 19:46:50,31.6,68
2020-06-04 19:47:50,31.6,68
2020-06-04 19:48:50,31.5,68
2020-06-04 19:49:50,31.5,68
2020-06-04 19:50:50,31.5,68
2020-06-04 19:51:50,31.5,69
2020-06-04 19:52:50,31.5,69
2020-06-04 19:53:50,31.5,69
2020-06-04 19:54:50,31.4,69
2020-06-04 19:55:50,31.4,69
2020-06-04 19:56:50,31.4,69
2020-06-04 19:57:50,31.3,69
2020-06-04 19:58:50,31.3,69
2020-06-04 19:59:50,31.3,69
2020-06-04 20:00:50,31.3,69
2020-06-04 20:01:50,31.3,69
2020-06-04 20:02:50,31.2,69
2020-06-04 20:03:50,31.2,70
2020-06-04 20:04:50,31.2,70
2020-06-04 20:05:50,31.2,70
2020-06-04 20:06:50,31.2,70
2020-06-04 20:07:50,31.2,69
2020-06-04 20:08:50,31.2,70
2020-06-04 20:09:50,31.1,70
2020-06-04 20:10:50,31.1,70
2020-06-04 20:11:50,31.1,70
2020-06-04 20:12:50,31.1,70
2020-06-04 20:13:50,31.1,70
2020-06-04 20:14:50,31.1,70
2020-06-04 20:15:50,31.1,70
2020-06-04 20:16:50,31.0,70
2020-06-04 20:17:50,31.0,70
2020-06-04 20:18:50,31.0,70
2020-06-04 20:19:50,30.9,71
2020-06-04 20:20:50,30.9,71
2020-06-04 20:21:50,30.9,71
2020-06-04 20:22:50,30.9,71
2020-06-04 20:23:50,30.9,71
2020-06-04 20:24:50,30.9,71
2020-06-04 20:25:50,30.9,71
2020-06-04 20:26:50,30.9,71
2020-06-04 20:27:50,30.9,71
2020-06-04 20:28:50,30.9,71
2020-06-04 20:29:50,30.9,71
2020-06-04 20:30:50,30.9,72
2020-06-04 20:31:50,30.8,72
2020-06-04 20:32:50,30.8,72
2020-06-04 20:33:50,30.8,72
2020-06-04 20:34:50,30.8,72
2020-06-04 20:35:50,30.8,72
2020-06-04 20:36:50,30.7,72
2020-06-04 20:37:50,30.7,73
2020-06-04 20:38:50,30.7,73
2020-06-04 20:39:50,30.7,73
2020-06-04 20:40:50,30.7,73
2020-06-04 20:41:50,30.7,73
2020-06-04 20:42:50,30.7,73
2020-06-04 20:43:50,30.7,73
2020-06-04 20:44:50,30.7,73
2020-06-04 20:45:50,30.7,73
2020-06-04 20:46:50,30.7,73
2020-06-04 20:47:50,30.6,73
2020-06-04 20:48:50,30.6,73
2020-06-04 20:49:50,30.6,73
2020-06-04 20:50:50,30.6,74
2020-06-04 20:51:50,30.6,74
2020-06-04 20:52:50,30.5,74
2020-06-04 20:53:50,30.5,74
2020-06-04 20:54:50,30.5,74
2020-06-04 20:55:50,30.5,74
2020-06-04 20:56:50,30.5,74
2020-06-04 20:57:50,30.5,74
2020-06-04 20:58:50,30.5,74
2020-06-04 20:59:50,30.5,74
2020-06-04 21:00:50,30.5,75
2020-06-04 21:01:50,30.5,75
2020-06-04 21:02:50,30.5,74
2020-06-04 21:03:50,30.5,74
2020-06-04 21:04:50,30.5,74
2020-06-04 21:05:50,30.5,74
2020-06-04 21:06:50,30.5,75
2020-06-04 21:07:50,30.5,75
2020-06-04 21:08:50,30.5,74
2020-06-04 21:09:50,30.5,75
2020-06-04 21:10:50,30.5,74
2020-06-04 21:11:50,30.5,74
2020-06-04 21:12:50,30.5,74
2020-06-04 21:13:50,30.5,74
2020-06-04 21:14:50,30.5,74
2020-06-04 21:15:50,30.5,74
2020-06-04 21:16:50,30.5,74
2020-06-04 21:17:50,30.5,74
2020-06-04 21:18:50,30.5,74
2020-06-04 21:19:50,30.5,74
2020-06-04 21:20:50,30.5,74
2020-06-04 21:21:50,30.5,75
2020-06-04 21:22:50,30.5,75
2020-06-04 21:23:50,30.5,75
2020-06-04 21:24:50,30.4,75
2020-06-04 21:25:50,30.4,75
2020-06-04 21:26:50,30.4,75
2020-06-04 21:27:50,30.4,75
2020-06-04 21:28:50,30.4,75
2020-06-04 21:29:50,30.4,75
2020-06-04 21:30:50,30.4,75
2020-06-04 21:31:50,30.4,75
2020-06-04 21:32:50,30.4,75
2020-06-04 21:33:50,30.4,75
2020-06-04 21:34:50,30.4,76
2020-06-04 21:35:50,30.3,76
2020-06-04 21:36:50,30.3,76
2020-06-04 21:37:50,30.3,76
2020-06-04 21:38:50,30.2,77
2020-06-04 21:39:50,30.2,77
2020-06-04 21:40:50,30.2,77
2020-06-04 21:41:50,30.2,77
2020-06-04 21:42:50,30.1,77
2020-06-04 21:43:50,30.1,77
2020-06-04 21:44:50,30.2,77
2020-06-04 21:45:50,30.2,77
2020-06-04 21:46:50,30.1,77
2020-06-04 21:47:50,30.1,77
2020-06-04 21:48:50,30.1,78
2020-06-04 21:49:50,30.1,78
2020-06-04 21:50:50,30.1,78
2020-06-04 21:51:50,30.1,78
2020-06-04 21:52:50,30.1,78
2020-06-04 21:53:50,30.1,78
2020-06-04 21:54:50,30.1,78
2020-06-04 21:55:50,30.1,78
2020-06-04 21:56:50,30.1,78
2020-06-04 21:57:50,30.1,78
2020-06-04 21:58:50,30.1,78
2020-06-04 21:59:50,30.1,78
2020-06-04 22:00:50,30.1,78
2020-06-04 22:01:50,30.1,78
2020-06-04 22:02:50,30.1,78
2020-06-04 22:03:50,30.1,78
2020-06-04 22:04:50,30.0,78
2020-06-04 22:05:50,30.0,78
2020-06-04 22:06:50,30.1,78
2020-06-04 22:07:50,30.0,78
2020-06-04 22:08:50,30.1,78
2020-06-04 22:09:50,30.0,78
2020-06-04 22:10:50,30.1,78
2020-06-04 22:11:50,30.1,78
2020-06-04 22:12:50,30.1,79
2020-06-04 22:13:50,30.0,79
2020-06-04 22:14:50,30.0,78
2020-06-04 22:15:50,30.0,79
2020-06-04 22:16:50,30.0,79
2020-06-04 22:17:50,30.0,79
2020-06-04 22:18:50,30.0,79
2020-06-04 22:19:50,30.0,79
2020-06-04 22:20:50,30.0,79
2020-06-04 22:21:50,30.0,79
2020-06-04 22:22:50,30.0,79
2020-06-04 22:23:50,30.0,79
2020-06-04 22:24:50,30.0,79
2020-06-04 22:25:50,29.9,79
2020-06-04 22:26:50,29.9,79
2020-06-04 22:27:50,29.9,79
2020-06-04 22:28:50,29.9,79
2020-06-04 22:29:50,29.9,80
2020-06-04 22:30:50,29.9,80
2020-06-04 22:31:50,29.9,80
2020-06-04 22:32:50,29.9,80
2020-06-04 22:33:50,29.9,80
2020-06-04 22:34:50,29.9,80
2020-06-04 22:35:50,29.9,80
2020-06-04 22:36:50,29.9,80
2020-06-04 22:37:50,29.9,80
2020-06-04 22:38:50,29.9,80
2020-06-04 22:39:50,29.9,80
2020-06-04 22:40:50,29.9,80
2020-06-04 22:41:50,29.9,80
2020-06-04 22:42:50,29.9,80
2020-06-04 22:43:50,29.9,80
2020-06-04 22:44:50,29.9,80
2020-06-04 22:45:50,29.9,80
2020-06-04 22:46:50,29.9,80
2020-06-04 22:47:50,29.8,80
2020-06-04 22:48:50,29.8,80
2020-06-04 22:49:50,29.8,80
2020-06-04 22:50:50,29.8,80
2020-06-04 22:51:50,29.8,80
2020-06-04 22:52:50,29.9,80
2020-06-04 22:53:50,29.9,80
2020-06-04 22:54:50,29.9,80
2020-06-04 22:55:50,29.9,80
2020-06-04 22:56:50,29.9,80
2020-06-04 22:57:50,29.9,79
2020-06-04 22:58:50,29.9,79
2020-06-04 22:59:50,29.9,79
2020-06-04 23:00:50,29.9,79
2020-06-04 23:01:50,29.9,79
2020-06-04 23:02:50,29.9,79
2020-06-04 23:03:50,29.9,79
2020-06-04 23:04:50,29.9,79
2020-06-04 23:05:50,29.9,79
2020-06-04 23:06:50,29.9,79
2020-06-04 23:07:50,29.9,79
2020-06-04 23:08:50,29.9,79
2020-06-04 23:09:50,29.9,79
2020-06-04 23:10:50,29.9,79
2020-06-04 23:11:50,29.9,79
2020-06-04 23:12:50,29.8,79
2020-06-04 23:13:50,29.9,79
2020-06-04 23:14:50,29.9,80
2020-06-04 23:15:50,29.8,80
2020-06-04 23:16:50,29.8,80
2020-06-04 23:17:50,29.8,80
2020-06-04 23:18:50,29.8,80
2020-06-04 23:19:50,29.8,80
2020-06-04 23:20:50,29.8,80
2020-06-04 23:21:50,29.8,80
2020-06-04 23:22:50,29.8,80
2020-06-04 23:23:50,29.8,80
2020-06-04 23:24:50,29.8,80
2020-06-04 23:25:50,29.8,80
2020-06-04 23:26:50,29.8,80
2020-06-04 23:27:50,29.8,80
2020-06-04 23:28:50,29.8,80
2020-06-04 23:29:50,29.8,80
2020-06-04 23:30:50,29.7,80
2020-06-04 23:31:50,29.7,80
2020-06-04 23:32:50,29.8,81
2020-06-04 23:33:50,29.7,81
2020-06-04 23:34:50,29.7,81
2020-06-04 23:35:50,29.7,81
2020-06-04 23:36:50,29.7,81
2020-06-04 23:37:50,29.7,81
2020-06-04 23:38:50,29.7,81
2020-06-04 23:39:50,29.7,81
2020-06-04 23:40:50,29.7,81
2020-06-04 23:41:50,29.7,81
2020-06-04 23:42:50,29.7,81
2020-06-04 23:43:50,29.7,81
2020-06-04 23:44:50,29.6,81
2020-06-04 23:45:50,29.6,81
2020-06-04 23:46:50,29.6,81
2020-06-04 23:47:50,29.6,81
2020-06-04 23:48:50,29.6,81
2020-06-04 23:49:50,29.6,81
2020-06-04 23:50:50,29.6,82
2020-06-04 23:51:50,29.6,82
2020-06-04 23:52:50,29.6,82
2020-06-04 23:53:50,29.5,82
2020-06-04 23:54:50,29.5,82
2020-06-04 23:55:50,29.5,82
2020-06-04 23:56:50,29.5,82
2020-06-04 23:57:50,29.5,82
2020-06-04 23:58:50,29.5,82
2020-06-04 23:59:50,29.5,82
