52364E1A,Ch.1[C],Ch.2[%]
2020-06-04 00:00:34,27.4,71
2020-06-04 00:01:34,27.4,71
2020-06-04 00:02:34,27.4,71
2020-06-04 00:03:34,27.4,71
2020-06-04 00:04:34,27.4,71
2020-06-04 00:05:34,27.4,71
2020-06-04 00:06:34,27.4,71
2020-06-04 00:07:34,27.5,71
2020-06-04 00:08:34,27.5,71
2020-06-04 00:09:34,27.5,71
2020-06-04 00:10:34,27.5,71
2020-06-04 00:11:34,27.5,71
2020-06-04 00:12:34,27.4,71
2020-06-04 00:13:34,27.4,71
2020-06-04 00:14:34,27.5,71
2020-06-04 00:15:34,27.5,71
2020-06-04 00:16:34,27.5,72
2020-06-04 00:17:34,27.5,72
2020-06-04 00:18:34,27.5,72
2020-06-04 00:19:34,27.5,72
2020-06-04 00:20:34,27.5,72
2020-06-04 00:21:34,27.5,72
2020-06-04 00:22:34,27.5,72
2020-06-04 00:23:34,27.5,72
2020-06-04 00:24:34,27.5,72
2020-06-04 00:25:34,27.5,72
2020-06-04 00:26:34,27.5,72
2020-06-04 00:27:34,27.5,72
2020-06-04 00:28:34,27.5,72
2020-06-04 00:29:34,27.5,72
2020-06-04 00:30:34,27.5,72
2020-06-04 00:31:34,27.5,72
2020-06-04 00:32:34,27.5,72
2020-06-04 00:33:34,27.5,72
2020-06-04 00:34:34,27.5,72
2020-06-04 00:35:34,27.5,72
2020-06-04 00:36:34,27.5,72
2020-06-04 00:37:34,27.5,72
2020-06-04 00:38:34,27.5,72
2020-06-04 00:39:34,27.5,72
2020-06-04 00:40:34,27.5,72
2020-06-04 00:41:34,27.5,72
2020-06-04 00:42:34,27.5,72
2020-06-04 00:43:34,27.5,72
2020-06-04 00:44:34,27.5,72
2020-06-04 00:45:34,27.5,72
2020-06-04 00:46:34,27.5,72
2020-06-04 00:47:34,27.5,72
2020-06-04 00:48:34,27.5,72
2020-06-04 00:49:34,27.5,72
2020-06-04 00:50:34,27.5,72
2020-06-04 00:51:34,27.5,72
2020-06-04 00:52:34,27.5,72
2020-06-04 00:53:34,27.5,71
2020-06-04 00:54:34,27.5,72
2020-06-04 00:55:34,27.5,72
2020-06-04 00:56:34,27.5,72
2020-06-04 00:57:34,27.5,72
2020-06-04 00:58:34,27.5,72
2020-06-04 00:59:34,27.5,72
2020-06-04 01:00:34,27.5,71
2020-06-04 01:01:34,27.5,71
2020-06-04 01:02:34,27.5,71
2020-06-04 01:03:34,27.5,72
2020-06-04 01:04:34,27.5,72
2020-06-04 01:05:34,27.5,72
2020-06-04 01:06:34,27.5,72
2020-06-04 01:07:34,27.5,72
2020-06-04 01:08:34,27.5,72
2020-06-04 01:09:34,27.5,72
2020-06-04 01:10:34,27.5,72
2020-06-04 01:11:34,27.5,72
2020-06-04 01:12:34,27.5,72
2020-06-04 01:13:34,27.5,72
2020-06-04 01:14:34,27.5,72
2020-06-04 01:15:34,27.5,72
2020-06-04 01:16:34,27.5,72
2020-06-04 01:17:34,27.5,72
2020-06-04 01:18:34,27.6,72
2020-06-04 01:19:34,27.6,72
2020-06-04 01:20:34,27.5,72
2020-06-04 01:21:34,27.6,72
2020-06-04 01:22:34,27.6,72
2020-06-04 01:23:34,27.6,72
2020-06-04 01:24:34,27.6,72
2020-06-04 01:25:34,27.5,72
2020-06-04 01:26:34,27.5,72
2020-06-04 01:27:34,27.6,72
2020-06-04 01:28:34,27.6,72
2020-06-04 01:29:34,27.6,72
2020-06-04 01:30:34,27.6,72
2020-06-04 01:31:34,27.6,72
2020-06-04 01:32:34,27.6,72
2020-06-04 01:33:34,27.6,72
2020-06-04 01:34:34,27.6,72
2020-06-04 01:35:34,27.6,72
2020-06-04 01:36:34,27.6,72
2020-06-04 01:37:34,27.6,72
2020-06-04 01:38:34,27.6,72
2020-06-04 01:39:34,27.6,72
2020-06-04 01:40:34,27.6,72
2020-06-04 01:41:34,27.6,73
2020-06-04 01:42:34,27.6,73
2020-06-04 01:43:34,27.6,73
2020-06-04 01:44:34,27.6,73
2020-06-04 01:45:34,27.6,73
2020-06-04 01:46:34,27.6,73
2020-06-04 01:47:34,27.6,73
2020-06-04 01:48:34,27.6,73
2020-06-04 01:49:34,27.6,72
2020-06-04 01:50:34,27.6,72
2020-06-04 01:51:34,27.6,72
2020-06-04 01:52:34,27.6,72
2020-06-04 01:53:34,27.6,72
2020-06-04 01:54:34,27.6,72
2020-06-04 01:55:34,27.6,72
2020-06-04 01:56:34,27.6,72
2020-06-04 01:57:34,27.6,72
2020-06-04 01:58:34,27.6,72
2020-06-04 01:59:34,27.6,72
2020-06-04 02:00:34,27.6,72
2020-06-04 02:01:34,27.6,72
2020-06-04 02:02:34,27.6,72
2020-06-04 02:03:34,27.6,72
2020-06-04 02:04:34,27.6,72
2020-06-04 02:05:34,27.6,72
2020-06-04 02:06:34,27.6,72
2020-06-04 02:07:34,27.6,72
2020-06-04 02:08:34,27.6,72
2020-06-04 02:09:34,27.6,72
2020-06-04 02:10:34,27.6,72
2020-06-04 02:11:34,27.6,72
2020-06-04 02:12:34,27.6,72
2020-06-04 02:13:34,27.6,72
2020-06-04 02:14:34,27.6,72
2020-06-04 02:15:34,27.6,72
2020-06-04 02:16:34,27.6,72
2020-06-04 02:17:34,27.6,72
2020-06-04 02:18:34,27.6,73
2020-06-04 02:19:34,27.6,73
2020-06-04 02:20:34,27.6,73
2020-06-04 02:21:34,27.6,73
2020-06-04 02:22:34,27.6,73
2020-06-04 02:23:34,27.6,73
2020-06-04 02:24:34,27.6,73
2020-06-04 02:25:34,27.6,73
2020-06-04 02:26:34,27.6,73
2020-06-04 02:27:34,27.6,73
2020-06-04 02:28:34,27.6,73
2020-06-04 02:29:34,27.6,73
2020-06-04 02:30:34,27.6,73
2020-06-04 02:31:34,27.6,73
2020-06-04 02:32:34,27.6,73
2020-06-04 02:33:34,27.6,73
2020-06-04 02:34:34,27.6,73
2020-06-04 02:35:34,27.6,73
2020-06-04 02:36:34,27.6,73
2020-06-04 02:37:34,27.6,73
2020-06-04 02:38:34,27.6,73
2020-06-04 02:39:34,27.6,73
2020-06-04 02:40:34,27.6,73
2020-06-04 02:41:34,27.6,73
2020-06-04 02:42:34,27.6,73
2020-06-04 02:43:34,27.6,73
2020-06-04 02:44:34,27.6,73
2020-06-04 02:45:34,27.6,73
2020-06-04 02:46:34,27.6,73
2020-06-04 02:47:34,27.6,73
2020-06-04 02:48:34,27.6,73
2020-06-04 02:49:34,27.6,73
2020-06-04 02:50:34,27.6,73
2020-06-04 02:51:34,27.6,73
2020-06-04 02:52:34,27.7,73
2020-06-04 02:53:34,27.7,73
2020-06-04 02:54:34,27.7,73
2020-06-04 02:55:34,27.7,73
2020-06-04 02:56:34,27.7,73
2020-06-04 02:57:34,27.7,73
2020-06-04 02:58:34,27.6,73
2020-06-04 02:59:34,27.6,73
2020-06-04 03:00:34,27.6,73
2020-06-04 03:01:34,27.7,73
2020-06-04 03:02:34,27.7,73
2020-06-04 03:03:34,27.6,73
2020-06-04 03:04:34,27.7,73
2020-06-04 03:05:34,27.6,73
2020-06-04 03:06:34,27.6,73
2020-06-04 03:07:34,27.6,73
2020-06-04 03:08:34,27.7,74
2020-06-04 03:09:34,27.7,74
2020-06-04 03:10:34,27.6,74
2020-06-04 03:11:34,27.7,74
2020-06-04 03:12:34,27.7,74
2020-06-04 03:13:34,27.7,74
2020-06-04 03:14:34,27.7,74
2020-06-04 03:15:34,27.6,74
2020-06-04 03:16:34,27.7,74
2020-06-04 03:17:34,27.7,74
2020-06-04 03:18:34,27.6,74
2020-06-04 03:19:34,27.6,74
2020-06-04 03:20:34,27.7,74
2020-06-04 03:21:34,27.7,74
2020-06-04 03:22:34,27.7,74
2020-06-04 03:23:34,27.6,74
2020-06-04 03:24:34,27.7,74
2020-06-04 03:25:34,27.7,74
2020-06-04 03:26:34,27.7,74
2020-06-04 03:27:34,27.7,74
2020-06-04 03:28:34,27.7,73
2020-06-04 03:29:34,27.7,73
2020-06-04 03:30:34,27.7,73
2020-06-04 03:31:34,27.7,73
2020-06-04 03:32:34,27.7,73
2020-06-04 03:33:34,27.7,73
2020-06-04 03:34:34,27.7,73
2020-06-04 03:35:34,27.7,73
2020-06-04 03:36:34,27.7,73
2020-06-04 03:37:34,27.7,73
2020-06-04 03:38:34,27.7,73
2020-06-04 03:39:34,27.7,73
2020-06-04 03:40:34,27.7,73
2020-06-04 03:41:34,27.7,74
2020-06-04 03:42:34,27.7,74
2020-06-04 03:43:34,27.7,74
2020-06-04 03:44:34,27.7,74
2020-06-04 03:45:34,27.7,74
2020-06-04 03:46:34,27.7,74
2020-06-04 03:47:34,27.7,74
2020-06-04 03:48:34,27.7,74
2020-06-04 03:49:34,27.7,74
2020-06-04 03:50:34,27.7,74
2020-06-04 03:51:34,27.7,74
2020-06-04 03:52:34,27.7,74
2020-06-04 03:53:34,27.7,74
2020-06-04 03:54:34,27.7,74
2020-06-04 03:55:34,27.7,74
2020-06-04 03:56:34,27.7,74
2020-06-04 03:57:34,27.7,74
2020-06-04 03:58:34,27.7,74
2020-06-04 03:59:34,27.7,74
2020-06-04 04:00:34,27.7,74
2020-06-04 04:01:34,27.7,74
2020-06-04 04:02:34,27.7,74
2020-06-04 04:03:34,27.7,74
2020-06-04 04:04:34,27.7,74
2020-06-04 04:05:34,27.7,74
2020-06-04 04:06:34,27.7,74
2020-06-04 04:07:34,27.7,74
2020-06-04 04:08:34,27.7,74
2020-06-04 04:09:34,27.7,74
2020-06-04 04:10:34,27.7,74
2020-06-04 04:11:34,27.7,74
2020-06-04 04:12:34,27.7,74
2020-06-04 04:13:34,27.7,74
2020-06-04 04:14:34,27.7,74
2020-06-04 04:15:34,27.7,74
2020-06-04 04:16:34,27.7,74
2020-06-04 04:17:34,27.7,74
2020-06-04 04:18:34,27.7,74
2020-06-04 04:19:34,27.7,74
2020-06-04 04:20:34,27.7,74
2020-06-04 04:21:34,27.7,74
2020-06-04 04:22:34,27.7,74
2020-06-04 04:23:34,27.7,74
2020-06-04 04:24:34,27.7,74
2020-06-04 04:25:34,27.7,74
2020-06-04 04:26:34,27.7,74
2020-06-04 04:27:34,27.7,74
2020-06-04 04:28:34,27.7,74
2020-06-04 04:29:34,27.7,74
2020-06-04 04:30:34,27.7,74
2020-06-04 04:31:34,27.7,74
2020-06-04 04:32:34,27.7,74
2020-06-04 04:33:34,27.7,74
2020-06-04 04:34:34,27.7,74
2020-06-04 04:35:34,27.7,74
2020-06-04 04:36:34,27.7,74
2020-06-04 04:37:34,27.7,74
2020-06-04 04:38:34,27.7,75
2020-06-04 04:39:34,27.7,75
2020-06-04 04:40:34,27.7,75
2020-06-04 04:41:34,27.7,75
2020-06-04 04:42:34,27.7,75
2020-06-04 04:43:34,27.7,75
2020-06-04 04:44:34,27.7,75
2020-06-04 04:45:34,27.7,75
2020-06-04 04:46:34,27.7,75
2020-06-04 04:47:34,27.7,75
2020-06-04 04:48:34,27.7,75
2020-06-04 04:49:34,27.7,75
2020-06-04 04:50:34,27.7,75
2020-06-04 04:51:34,27.7,75
2020-06-04 04:52:34,27.7,75
2020-06-04 04:53:34,27.7,75
2020-06-04 04:54:34,27.7,74
2020-06-04 04:55:34,27.7,75
2020-06-04 04:56:34,27.7,75
2020-06-04 04:57:34,27.7,75
2020-06-04 04:58:34,27.7,75
2020-06-04 04:59:34,27.7,75
2020-06-04 05:00:34,27.7,75
2020-06-04 05:01:34,27.7,75
2020-06-04 05:02:34,27.7,75
2020-06-04 05:03:34,27.7,75
2020-06-04 05:04:34,27.7,75
2020-06-04 05:05:34,27.7,75
2020-06-04 05:06:34,27.7,75
2020-06-04 05:07:34,27.7,75
2020-06-04 05:08:34,27.7,75
2020-06-04 05:09:34,27.7,75
2020-06-04 05:10:34,27.7,75
2020-06-04 05:11:34,27.7,75
2020-06-04 05:12:34,27.7,75
2020-06-04 05:13:34,27.7,75
2020-06-04 05:14:34,27.7,75
2020-06-04 05:15:34,27.7,75
2020-06-04 05:16:34,27.7,75
2020-06-04 05:17:34,27.7,75
2020-06-04 05:18:34,27.7,75
2020-06-04 05:19:34,27.7,75
2020-06-04 05:20:34,27.7,75
2020-06-04 05:21:34,27.7,75
2020-06-04 05:22:34,27.7,75
2020-06-04 05:23:34,27.7,75
2020-06-04 05:24:34,27.7,75
2020-06-04 05:25:34,27.7,75
2020-06-04 05:26:34,27.7,75
2020-06-04 05:27:34,27.7,75
2020-06-04 05:28:34,27.7,75
2020-06-04 05:29:34,27.7,75
2020-06-04 05:30:34,27.7,75
2020-06-04 05:31:34,27.7,75
2020-06-04 05:32:34,27.7,75
2020-06-04 05:33:34,27.7,75
2020-06-04 05:34:34,27.7,75
2020-06-04 05:35:34,27.7,75
2020-06-04 05:36:34,27.7,75
2020-06-04 05:37:34,27.7,75
2020-06-04 05:38:34,27.7,75
2020-06-04 05:39:34,27.7,75
2020-06-04 05:40:34,27.7,75
2020-06-04 05:41:34,27.7,75
2020-06-04 05:42:34,27.7,75
2020-06-04 05:43:34,27.7,75
2020-06-04 05:44:34,27.7,75
2020-06-04 05:45:34,27.7,75
2020-06-04 05:46:34,27.7,75
2020-06-04 05:47:34,27.7,75
2020-06-04 05:48:34,27.7,75
2020-06-04 05:49:34,27.7,75
2020-06-04 05:50:34,27.7,75
2020-06-04 05:51:34,27.7,75
2020-06-04 05:52:34,27.7,75
2020-06-04 05:53:34,27.7,75
2020-06-04 05:54:34,27.7,75
2020-06-04 05:55:34,27.7,75
2020-06-04 05:56:34,27.7,75
2020-06-04 05:57:34,27.7,75
2020-06-04 05:58:34,27.7,75
2020-06-04 05:59:34,27.7,75
2020-06-04 06:00:34,27.7,75
2020-06-04 06:01:34,27.7,75
2020-06-04 06:02:34,27.7,75
2020-06-04 06:03:34,27.7,75
2020-06-04 06:04:34,27.7,75
2020-06-04 06:05:34,27.7,75
2020-06-04 06:06:34,27.7,75
2020-06-04 06:07:34,27.7,75
2020-06-04 06:08:34,27.7,75
2020-06-04 06:09:34,27.7,75
2020-06-04 06:10:34,27.7,75
2020-06-04 06:11:34,27.7,75
2020-06-04 06:12:34,27.7,75
2020-06-04 06:13:34,27.7,75
2020-06-04 06:14:34,27.7,75
2020-06-04 06:15:34,27.7,75
2020-06-04 06:16:34,27.7,75
2020-06-04 06:17:34,27.7,75
2020-06-04 06:18:34,27.7,75
2020-06-04 06:19:34,27.7,75
2020-06-04 06:20:34,27.7,75
2020-06-04 06:21:34,27.7,75
2020-06-04 06:22:34,27.7,75
2020-06-04 06:23:34,27.7,75
2020-06-04 06:24:34,27.7,75
2020-06-04 06:25:34,27.7,75
2020-06-04 06:26:34,27.7,75
2020-06-04 06:27:34,27.7,75
2020-06-04 06:28:34,27.7,75
2020-06-04 06:29:34,27.7,75
2020-06-04 06:30:34,27.7,75
2020-06-04 06:31:34,27.7,75
2020-06-04 06:32:34,27.8,75
2020-06-04 06:33:34,27.8,75
2020-06-04 06:34:34,27.8,75
2020-06-04 06:35:34,27.8,75
2020-06-04 06:36:34,27.7,75
2020-06-04 06:37:34,27.7,76
2020-06-04 06:38:34,27.7,76
2020-06-04 06:39:34,27.7,75
2020-06-04 06:40:34,27.7,76
2020-06-04 06:41:34,27.7,76
2020-06-04 06:42:34,27.7,76
2020-06-04 06:43:34,27.7,76
2020-06-04 06:44:34,27.7,76
2020-06-04 06:45:34,27.7,75
2020-06-04 06:46:34,27.7,75
2020-06-04 06:47:34,27.7,75
2020-06-04 06:48:34,27.7,76
2020-06-04 06:49:34,27.7,75
2020-06-04 06:50:34,27.7,75
2020-06-04 06:51:34,27.7,76
2020-06-04 06:52:34,27.7,76
2020-06-04 06:53:34,27.7,76
2020-06-04 06:54:34,27.8,76
2020-06-04 06:55:34,27.8,76
2020-06-04 06:56:34,27.7,76
2020-06-04 06:57:34,27.8,76
2020-06-04 06:58:34,27.7,76
2020-06-04 06:59:34,27.7,76
2020-06-04 07:00:34,27.8,76
2020-06-04 07:01:34,27.8,75
2020-06-04 07:02:34,27.8,75
2020-06-04 07:03:34,27.8,75
2020-06-04 07:04:34,27.7,75
2020-06-04 07:05:34,27.7,75
2020-06-04 07:06:34,27.7,75
2020-06-04 07:07:34,27.7,75
2020-06-04 07:08:34,27.7,76
2020-06-04 07:09:34,27.7,76
2020-06-04 07:10:34,27.8,76
2020-06-04 07:11:34,27.7,75
2020-06-04 07:12:34,27.8,75
2020-06-04 07:13:34,27.7,75
2020-06-04 07:14:34,27.7,76
2020-06-04 07:15:34,27.7,76
2020-06-04 07:16:34,27.8,76
2020-06-04 07:17:34,27.8,76
2020-06-04 07:18:34,27.8,76
2020-06-04 07:19:34,27.8,76
2020-06-04 07:20:34,27.8,76
2020-06-04 07:21:34,27.8,76
2020-06-04 07:22:34,27.8,76
2020-06-04 07:23:34,27.8,76
2020-06-04 07:24:34,27.8,76
2020-06-04 07:25:34,27.8,76
2020-06-04 07:26:34,27.8,76
2020-06-04 07:27:34,27.8,76
2020-06-04 07:28:34,27.8,76
2020-06-04 07:29:34,27.8,76
2020-06-04 07:30:34,27.8,76
2020-06-04 07:31:34,27.8,76
2020-06-04 07:32:34,27.8,76
2020-06-04 07:33:34,27.8,76
2020-06-04 07:34:34,27.8,76
2020-06-04 07:35:34,27.8,76
2020-06-04 07:36:34,27.8,75
2020-06-04 07:37:34,27.8,74
2020-06-04 07:38:34,27.7,73
2020-06-04 07:39:34,27.7,72
2020-06-04 07:40:34,27.6,72
2020-06-04 07:41:34,27.6,70
2020-06-04 07:42:34,27.5,69
2020-06-04 07:43:34,27.3,68
2020-06-04 07:44:34,27.0,67
2020-06-04 07:45:34,26.6,66
2020-06-04 07:46:34,26.3,66
2020-06-04 07:47:34,25.9,65
2020-06-04 07:48:34,25.7,65
2020-06-04 07:49:34,25.4,65
2020-06-04 07:50:34,25.2,65
2020-06-04 07:51:34,24.9,65
2020-06-04 07:52:34,24.7,64
2020-06-04 07:53:34,24.5,64
2020-06-04 07:54:34,24.4,63
2020-06-04 07:55:34,24.3,63
2020-06-04 07:56:34,24.1,63
2020-06-04 07:57:34,24.0,63
2020-06-04 07:58:34,23.9,63
2020-06-04 07:59:34,23.8,63
2020-06-04 08:00:34,23.7,63
2020-06-04 08:01:34,23.6,63
2020-06-04 08:02:34,23.6,63
2020-06-04 08:03:34,23.4,63
2020-06-04 08:04:34,23.5,64
2020-06-04 08:05:34,23.5,64
2020-06-04 08:06:34,23.5,65
2020-06-04 08:07:34,23.5,65
2020-06-04 08:08:34,23.6,65
2020-06-04 08:09:34,23.6,64
2020-06-04 08:10:34,23.6,65
2020-06-04 08:11:34,23.7,65
2020-06-04 08:12:34,23.7,65
2020-06-04 08:13:34,23.6,64
2020-06-04 08:14:34,23.6,64
2020-06-04 08:15:34,23.7,64
2020-06-04 08:16:34,23.7,64
2020-06-04 08:17:34,23.6,64
2020-06-04 08:18:34,23.6,64
2020-06-04 08:19:34,23.7,64
2020-06-04 08:20:34,23.7,64
2020-06-04 08:21:34,23.6,64
2020-06-04 08:22:34,23.7,64
2020-06-04 08:23:34,23.6,65
2020-06-04 08:24:34,23.7,64
2020-06-04 08:25:34,23.8,64
2020-06-04 08:26:34,23.7,64
2020-06-04 08:27:34,23.7,64
2020-06-04 08:28:34,23.6,64
2020-06-04 08:29:34,23.6,64
2020-06-04 08:30:34,23.6,64
2020-06-04 08:31:34,23.6,64
2020-06-04 08:32:34,23.6,64
2020-06-04 08:33:34,23.6,64
2020-06-04 08:34:34,23.6,64
2020-06-04 08:35:34,23.6,64
2020-06-04 08:36:34,23.5,63
2020-06-04 08:37:34,23.4,63
2020-06-04 08:38:34,23.4,65
2020-06-04 08:39:34,23.4,64
2020-06-04 08:40:34,23.4,65
2020-06-04 08:41:34,23.4,65
2020-06-04 08:42:34,23.4,64
2020-06-04 08:43:34,23.4,64
2020-06-04 08:44:34,23.4,65
2020-06-04 08:45:34,23.4,64
2020-06-04 08:46:34,23.4,65
2020-06-04 08:47:34,23.4,65
2020-06-04 08:48:34,23.4,64
2020-06-04 08:49:34,23.3,64
2020-06-04 08:50:34,23.4,65
2020-06-04 08:51:34,23.4,65
2020-06-04 08:52:34,23.4,64
2020-06-04 08:53:34,23.4,64
2020-06-04 08:54:34,23.4,64
2020-06-04 08:55:34,23.4,64
2020-06-04 08:56:34,23.3,64
2020-06-04 08:57:34,23.4,64
2020-06-04 08:58:34,23.4,65
2020-06-04 08:59:34,23.4,65
2020-06-04 09:00:34,23.4,65
2020-06-04 09:01:34,23.5,66
2020-06-04 09:02:34,23.5,66
2020-06-04 09:03:34,23.6,66
2020-06-04 09:04:34,23.6,66
2020-06-04 09:05:34,23.6,66
2020-06-04 09:06:34,23.6,66
2020-06-04 09:07:34,23.6,66
2020-06-04 09:08:34,23.6,66
2020-06-04 09:09:34,23.6,65
2020-06-04 09:10:34,23.6,65
2020-06-04 09:11:34,23.6,65
2020-06-04 09:12:34,23.6,65
2020-06-04 09:13:34,23.6,65
2020-06-04 09:14:34,23.6,65
2020-06-04 09:15:34,23.5,65
2020-06-04 09:16:34,23.5,65
2020-06-04 09:17:34,23.5,65
2020-06-04 09:18:34,23.5,65
2020-06-04 09:19:34,23.5,65
2020-06-04 09:20:34,23.5,65
2020-06-04 09:21:34,23.5,65
2020-06-04 09:22:34,23.5,65
2020-06-04 09:23:34,23.5,65
2020-06-04 09:24:34,23.5,65
2020-06-04 09:25:34,23.5,65
2020-06-04 09:26:34,23.5,65
2020-06-04 09:27:34,23.5,65
2020-06-04 09:28:34,23.5,65
2020-06-04 09:29:34,23.5,65
2020-06-04 09:30:34,23.5,65
2020-06-04 09:31:34,23.5,65
2020-06-04 09:32:34,23.5,65
2020-06-04 09:33:34,23.5,65
2020-06-04 09:34:34,23.5,65
2020-06-04 09:35:34,23.5,65
2020-06-04 09:36:34,23.5,65
2020-06-04 09:37:34,23.5,65
2020-06-04 09:38:34,23.5,66
2020-06-04 09:39:34,23.5,66
2020-06-04 09:40:34,23.5,66
2020-06-04 09:41:34,23.5,67
2020-06-04 09:42:34,23.5,67
2020-06-04 09:43:34,23.6,67
2020-06-04 09:44:34,23.6,66
2020-06-04 09:45:34,23.6,66
2020-06-04 09:46:34,23.6,66
2020-06-04 09:47:34,23.6,66
2020-06-04 09:48:34,23.6,66
2020-06-04 09:49:34,23.6,66
2020-06-04 09:50:34,23.6,66
2020-06-04 09:51:34,23.6,66
2020-06-04 09:52:34,23.5,66
2020-06-04 09:53:34,23.5,66
2020-06-04 09:54:34,23.5,66
2020-06-04 09:55:34,23.5,65
2020-06-04 09:56:34,23.6,66
2020-06-04 09:57:34,23.6,66
2020-06-04 09:58:34,23.5,66
2020-06-04 09:59:34,23.5,66
2020-06-04 10:00:34,23.5,66
2020-06-04 10:01:34,23.5,66
2020-06-04 10:02:34,23.5,66
2020-06-04 10:03:34,23.5,66
2020-06-04 10:04:34,23.5,66
2020-06-04 10:05:34,23.5,66
2020-06-04 10:06:34,23.4,65
2020-06-04 10:07:34,23.5,66
2020-06-04 10:08:34,23.4,66
2020-06-04 10:09:34,23.4,65
2020-06-04 10:10:34,23.5,65
2020-06-04 10:11:34,23.4,66
2020-06-04 10:12:34,23.4,66
2020-06-04 10:13:34,23.4,66
2020-06-04 10:14:34,23.4,66
2020-06-04 10:15:34,23.4,66
2020-06-04 10:16:34,23.4,66
2020-06-04 10:17:34,23.4,66
2020-06-04 10:18:34,23.4,66
2020-06-04 10:19:34,23.4,66
2020-06-04 10:20:34,23.4,66
2020-06-04 10:21:34,23.4,66
2020-06-04 10:22:34,23.4,66
2020-06-04 10:23:34,23.4,66
2020-06-04 10:24:34,23.5,66
2020-06-04 10:25:34,23.4,66
2020-06-04 10:26:34,23.4,66
2020-06-04 10:27:34,23.4,66
2020-06-04 10:28:34,23.4,66
2020-06-04 10:29:34,23.4,66
2020-06-04 10:30:34,23.4,66
2020-06-04 10:31:34,23.4,66
2020-06-04 10:32:34,23.4,66
2020-06-04 10:33:34,23.4,66
2020-06-04 10:34:34,23.4,66
2020-06-04 10:35:34,23.4,66
2020-06-04 10:36:34,23.4,66
2020-06-04 10:37:34,23.4,66
2020-06-04 10:38:34,23.4,66
2020-06-04 10:39:34,23.4,66
2020-06-04 10:40:34,23.4,66
2020-06-04 10:41:34,23.4,66
2020-06-04 10:42:34,23.4,66
2020-06-04 10:43:34,23.4,66
2020-06-04 10:44:34,23.4,66
2020-06-04 10:45:34,23.5,66
2020-06-04 10:46:34,23.5,66
2020-06-04 10:47:34,23.6,66
2020-06-04 10:48:34,23.6,66
2020-06-04 10:49:34,23.7,65
2020-06-04 10:50:34,23.7,65
2020-06-04 10:51:34,23.7,65
2020-06-04 10:52:34,23.8,66
2020-06-04 10:53:34,23.8,66
2020-06-04 10:54:34,23.8,66
2020-06-04 10:55:34,23.9,66
2020-06-04 10:56:34,23.9,66
2020-06-04 10:57:34,23.9,66
2020-06-04 10:58:34,23.8,66
2020-06-04 10:59:34,23.7,66
2020-06-04 11:00:34,23.7,66
2020-06-04 11:01:34,23.7,66
2020-06-04 11:02:34,23.6,66
2020-06-04 11:03:34,23.6,66
2020-06-04 11:04:34,23.6,66
2020-06-04 11:05:34,23.6,66
2020-06-04 11:06:34,23.6,66
2020-06-04 11:07:34,23.6,66
2020-06-04 11:08:34,23.5,66
2020-06-04 11:09:34,23.5,66
2020-06-04 11:10:34,23.5,65
2020-06-04 11:11:34,23.5,66
2020-06-04 11:12:34,23.5,66
2020-06-04 11:13:34,23.6,67
2020-06-04 11:14:34,23.6,67
2020-06-04 11:15:34,23.6,67
2020-06-04 11:16:34,23.6,67
2020-06-04 11:17:34,23.5,67
2020-06-04 11:18:34,23.6,67
2020-06-04 11:19:34,23.6,67
2020-06-04 11:20:34,23.5,67
2020-06-04 11:21:34,23.5,67
2020-06-04 11:22:34,23.5,67
2020-06-04 11:23:34,23.5,67
2020-06-04 11:24:34,23.6,66
2020-06-04 11:25:34,23.5,66
2020-06-04 11:26:34,23.6,66
2020-06-04 11:27:34,23.6,66
2020-06-04 11:28:34,23.6,66
2020-06-04 11:29:34,23.6,66
2020-06-04 11:30:34,23.6,66
2020-06-04 11:31:34,23.6,66
2020-06-04 11:32:34,23.6,66
2020-06-04 11:33:34,23.6,66
2020-06-04 11:34:34,23.6,66
2020-06-04 11:35:34,23.5,66
2020-06-04 11:36:34,23.5,66
2020-06-04 11:37:34,23.5,66
2020-06-04 11:38:34,23.5,66
2020-06-04 11:39:34,23.5,66
2020-06-04 11:40:34,23.5,66
2020-06-04 11:41:34,23.5,66
2020-06-04 11:42:34,23.5,66
2020-06-04 11:43:34,23.5,66
2020-06-04 11:44:34,23.5,66
2020-06-04 11:45:34,23.5,66
2020-06-04 11:46:34,23.5,66
2020-06-04 11:47:34,23.4,66
2020-06-04 11:48:34,23.5,66
2020-06-04 11:49:34,23.5,66
2020-06-04 11:50:34,23.5,66
2020-06-04 11:51:34,23.5,66
2020-06-04 11:52:34,23.4,66
2020-06-04 11:53:34,23.4,66
2020-06-04 11:54:34,23.4,66
2020-06-04 11:55:34,23.4,66
2020-06-04 11:56:34,23.4,66
2020-06-04 11:57:34,23.4,66
2020-06-04 11:58:34,23.4,66
2020-06-04 11:59:34,23.4,66
2020-06-04 12:00:34,23.5,66
2020-06-04 12:01:34,23.5,66
2020-06-04 12:02:34,23.5,66
2020-06-04 12:03:34,23.5,66
2020-06-04 12:04:34,23.4,66
2020-06-04 12:05:34,23.4,66
2020-06-04 12:06:34,23.4,66
2020-06-04 12:07:34,23.4,66
2020-06-04 12:08:34,23.4,66
2020-06-04 12:09:34,23.5,66
2020-06-04 12:10:34,23.4,66
2020-06-04 12:11:34,23.4,66
2020-06-04 12:12:34,23.4,66
2020-06-04 12:13:34,23.5,66
2020-06-04 12:14:34,23.5,66
2020-06-04 12:15:34,23.5,66
2020-06-04 12:16:34,23.4,66
2020-06-04 12:17:34,23.4,66
2020-06-04 12:18:34,23.4,66
2020-06-04 12:19:34,23.4,66
2020-06-04 12:20:34,23.3,66
2020-06-04 12:21:34,23.3,66
2020-06-04 12:22:34,23.3,66
2020-06-04 12:23:34,23.3,66
2020-06-04 12:24:34,23.3,66
2020-06-04 12:25:34,23.3,66
2020-06-04 12:26:34,23.3,66
2020-06-04 12:27:34,23.3,66
2020-06-04 12:28:34,23.3,67
2020-06-04 12:29:34,23.3,66
2020-06-04 12:30:34,23.2,66
2020-06-04 12:31:34,23.2,66
2020-06-04 12:32:34,23.2,66
2020-06-04 12:33:34,23.2,66
2020-06-04 12:34:34,23.2,67
2020-06-04 12:35:34,23.2,67
2020-06-04 12:36:34,23.2,67
2020-06-04 12:37:34,23.2,67
2020-06-04 12:38:34,23.2,67
2020-06-04 12:39:34,23.2,67
2020-06-04 12:40:34,23.2,67
2020-06-04 12:41:34,23.2,67
2020-06-04 12:42:34,23.2,67
2020-06-04 12:43:34,23.2,67
2020-06-04 12:44:34,23.2,67
2020-06-04 12:45:34,23.2,67
2020-06-04 12:46:34,23.2,68
2020-06-04 12:47:34,23.2,68
2020-06-04 12:48:34,23.2,68
2020-06-04 12:49:34,23.3,68
2020-06-04 12:50:34,23.3,68
2020-06-04 12:51:34,23.3,68
2020-06-04 12:52:34,23.3,68
2020-06-04 12:53:34,23.3,68
2020-06-04 12:54:34,23.3,68
2020-06-04 12:55:34,23.3,67
2020-06-04 12:56:34,23.3,67
2020-06-04 12:57:34,23.3,67
2020-06-04 12:58:34,23.4,68
2020-06-04 12:59:34,23.4,68
2020-06-04 13:00:34,23.4,68
2020-06-04 13:01:34,23.4,68
2020-06-04 13:02:34,23.4,68
2020-06-04 13:03:34,23.4,68
2020-06-04 13:04:34,23.5,68
2020-06-04 13:05:34,23.5,68
2020-06-04 13:06:34,23.5,68
2020-06-04 13:07:34,23.5,67
2020-06-04 13:08:34,23.5,67
2020-06-04 13:09:34,23.4,67
2020-06-04 13:10:34,23.5,67
2020-06-04 13:11:34,23.5,67
2020-06-04 13:12:34,23.5,67
2020-06-04 13:13:34,23.4,66
2020-06-04 13:14:34,23.4,66
2020-06-04 13:15:34,23.4,66
2020-06-04 13:16:34,23.4,66
2020-06-04 13:17:34,23.4,66
2020-06-04 13:18:34,23.4,66
2020-06-04 13:19:34,23.5,66
2020-06-04 13:20:34,23.5,66
2020-06-04 13:21:34,23.4,66
2020-06-04 13:22:34,23.4,66
2020-06-04 13:23:34,23.4,66
2020-06-04 13:24:34,23.4,66
2020-06-04 13:25:34,23.4,66
2020-06-04 13:26:34,23.4,66
2020-06-04 13:27:34,23.4,66
2020-06-04 13:28:34,23.4,66
2020-06-04 13:29:34,23.4,66
2020-06-04 13:30:34,23.4,66
2020-06-04 13:31:34,23.4,66
2020-06-04 13:32:34,23.4,66
2020-06-04 13:33:34,23.5,66
2020-06-04 13:34:34,23.5,66
2020-06-04 13:35:34,23.4,66
2020-06-04 13:36:34,23.4,66
2020-06-04 13:37:34,23.4,66
2020-06-04 13:38:34,23.4,66
2020-06-04 13:39:34,23.4,66
2020-06-04 13:40:34,23.4,66
2020-06-04 13:41:34,23.4,66
2020-06-04 13:42:34,23.4,66
2020-06-04 13:43:34,23.4,66
2020-06-04 13:44:34,23.4,66
2020-06-04 13:45:34,23.4,66
2020-06-04 13:46:34,23.4,66
2020-06-04 13:47:34,23.5,66
2020-06-04 13:48:34,23.4,66
2020-06-04 13:49:34,23.4,66
2020-06-04 13:50:34,23.4,66
2020-06-04 13:51:34,23.4,66
2020-06-04 13:52:34,23.4,65
2020-06-04 13:53:34,23.4,65
2020-06-04 13:54:34,23.4,65
2020-06-04 13:55:34,23.4,66
2020-06-04 13:56:34,23.5,66
2020-06-04 13:57:34,23.5,66
2020-06-04 13:58:34,23.5,66
2020-06-04 13:59:34,23.5,66
2020-06-04 14:00:34,23.5,66
2020-06-04 14:01:34,23.5,66
2020-06-04 14:02:34,23.5,66
2020-06-04 14:03:34,23.5,66
2020-06-04 14:04:34,23.5,66
2020-06-04 14:05:34,23.5,66
2020-06-04 14:06:34,23.5,66
2020-06-04 14:07:34,23.5,66
2020-06-04 14:08:34,23.5,66
2020-06-04 14:09:34,23.5,66
2020-06-04 14:10:34,23.5,66
2020-06-04 14:11:34,23.5,66
2020-06-04 14:12:34,23.5,66
2020-06-04 14:13:34,23.5,66
2020-06-04 14:14:34,23.4,66
2020-06-04 14:15:34,23.5,66
2020-06-04 14:16:34,23.5,66
2020-06-04 14:17:34,23.4,66
2020-06-04 14:18:34,23.4,66
2020-06-04 14:19:34,23.4,66
2020-06-04 14:20:34,23.4,66
2020-06-04 14:21:34,23.4,66
2020-06-04 14:22:34,23.5,66
2020-06-04 14:23:34,23.5,66
2020-06-04 14:24:34,23.5,66
2020-06-04 14:25:34,23.5,66
2020-06-04 14:26:34,23.5,66
2020-06-04 14:27:34,23.5,66
2020-06-04 14:28:34,23.5,66
2020-06-04 14:29:34,23.5,65
2020-06-04 14:30:34,23.5,65
2020-06-04 14:31:34,23.5,65
2020-06-04 14:32:34,23.5,66
2020-06-04 14:33:34,23.4,66
2020-06-04 14:34:34,23.4,65
2020-06-04 14:35:34,23.5,65
2020-06-04 14:36:34,23.5,65
2020-06-04 14:37:34,23.5,65
2020-06-04 14:38:34,23.5,65
2020-06-04 14:39:34,23.5,65
2020-06-04 14:40:34,23.5,66
2020-06-04 14:41:34,23.5,66
2020-06-04 14:42:34,23.5,66
2020-06-04 14:43:34,23.5,66
2020-06-04 14:44:34,23.6,66
2020-06-04 14:45:34,23.6,66
2020-06-04 14:46:34,23.6,65
2020-06-04 14:47:34,23.6,65
2020-06-04 14:48:34,23.6,65
2020-06-04 14:49:34,23.6,65
2020-06-04 14:50:34,23.6,65
2020-06-04 14:51:34,23.5,65
2020-06-04 14:52:34,23.5,65
2020-06-04 14:53:34,23.5,66
2020-06-04 14:54:34,23.5,66
2020-06-04 14:55:34,23.5,66
2020-06-04 14:56:34,23.5,66
2020-06-04 14:57:34,23.5,66
2020-06-04 14:58:34,23.5,66
2020-06-04 14:59:34,23.5,66
2020-06-04 15:00:34,23.5,66
2020-06-04 15:01:34,23.5,66
2020-06-04 15:02:34,23.5,66
2020-06-04 15:03:34,23.5,66
2020-06-04 15:04:34,23.5,66
2020-06-04 15:05:34,23.5,66
2020-06-04 15:06:34,23.5,66
2020-06-04 15:07:34,23.6,66
2020-06-04 15:08:34,23.6,66
2020-06-04 15:09:34,23.6,66
2020-06-04 15:10:34,23.5,67
2020-06-04 15:11:34,23.5,67
2020-06-04 15:12:34,23.5,67
2020-06-04 15:13:34,23.6,67
2020-06-04 15:14:34,23.6,67
2020-06-04 15:15:34,23.6,67
2020-06-04 15:16:34,23.6,67
2020-06-04 15:17:34,23.6,67
2020-06-04 15:18:34,23.6,67
2020-06-04 15:19:34,23.6,67
2020-06-04 15:20:34,23.6,66
2020-06-04 15:21:34,23.5,66
2020-06-04 15:22:34,23.5,66
2020-06-04 15:23:34,23.5,66
2020-06-04 15:24:34,23.5,66
2020-06-04 15:25:34,23.5,66
2020-06-04 15:26:34,23.6,66
2020-06-04 15:27:34,23.6,66
2020-06-04 15:28:34,23.5,66
2020-06-04 15:29:34,23.5,66
2020-06-04 15:30:34,23.6,66
2020-06-04 15:31:34,23.6,66
2020-06-04 15:32:34,23.5,66
2020-06-04 15:33:34,23.5,66
2020-06-04 15:34:34,23.5,66
2020-06-04 15:35:34,23.5,66
2020-06-04 15:36:34,23.6,66
2020-06-04 15:37:34,23.5,66
2020-06-04 15:38:34,23.5,65
2020-06-04 15:39:34,23.5,65
2020-06-04 15:40:34,23.5,66
2020-06-04 15:41:34,23.5,66
2020-06-04 15:42:34,23.5,66
2020-06-04 15:43:34,23.5,66
2020-06-04 15:44:34,23.6,66
2020-06-04 15:45:34,23.5,66
2020-06-04 15:46:34,23.6,66
2020-06-04 15:47:34,23.6,66
2020-06-04 15:48:34,23.5,66
2020-06-04 15:49:34,23.5,65
2020-06-04 15:50:34,23.5,66
2020-06-04 15:51:34,23.5,65
2020-06-04 15:52:34,23.5,65
2020-06-04 15:53:34,23.5,65
2020-06-04 15:54:34,23.5,66
2020-06-04 15:55:34,23.5,66
2020-06-04 15:56:34,23.5,66
2020-06-04 15:57:34,23.5,66
2020-06-04 15:58:34,23.5,66
2020-06-04 15:59:34,23.5,66
2020-06-04 16:00:34,23.5,66
2020-06-04 16:01:34,23.5,66
2020-06-04 16:02:34,23.4,66
2020-06-04 16:03:34,23.4,66
2020-06-04 16:04:34,23.4,66
2020-06-04 16:05:34,23.4,66
2020-06-04 16:06:34,23.4,66
2020-06-04 16:07:34,23.4,66
2020-06-04 16:08:34,23.5,66
2020-06-04 16:09:34,23.4,66
2020-06-04 16:10:34,23.4,66
2020-06-04 16:11:34,23.4,66
2020-06-04 16:12:34,23.4,66
2020-06-04 16:13:34,23.4,66
2020-06-04 16:14:34,23.4,66
2020-06-04 16:15:34,23.4,66
2020-06-04 16:16:34,23.4,66
2020-06-04 16:17:34,23.4,66
2020-06-04 16:18:34,23.4,66
2020-06-04 16:19:34,23.4,65
2020-06-04 16:20:34,23.4,65
2020-06-04 16:21:34,23.5,65
2020-06-04 16:22:34,23.4,65
2020-06-04 16:23:34,23.4,65
2020-06-04 16:24:34,23.4,66
2020-06-04 16:25:34,23.4,66
2020-06-04 16:26:34,23.4,66
2020-06-04 16:27:34,23.4,66
2020-06-04 16:28:34,23.4,66
2020-06-04 16:29:34,23.4,66
2020-06-04 16:30:34,23.4,66
2020-06-04 16:31:34,23.4,66
2020-06-04 16:32:34,23.4,66
2020-06-04 16:33:34,23.4,66
2020-06-04 16:34:34,23.4,66
2020-06-04 16:35:34,23.4,65
2020-06-04 16:36:34,23.3,65
2020-06-04 16:37:34,23.4,66
2020-06-04 16:38:34,23.4,66
2020-06-04 16:39:34,23.4,66
2020-06-04 16:40:34,23.4,66
2020-06-04 16:41:34,23.4,66
2020-06-04 16:42:34,23.4,66
2020-06-04 16:43:34,23.4,66
2020-06-04 16:44:34,23.4,66
2020-06-04 16:45:34,23.4,66
2020-06-04 16:46:34,23.4,66
2020-06-04 16:47:34,23.4,66
2020-06-04 16:48:34,23.4,66
2020-06-04 16:49:34,23.4,65
2020-06-04 16:50:34,23.4,66
2020-06-04 16:51:34,23.4,66
2020-06-04 16:52:34,23.4,66
2020-06-04 16:53:34,23.4,66
2020-06-04 16:54:34,23.4,66
2020-06-04 16:55:34,23.4,66
2020-06-04 16:56:34,23.4,66
2020-06-04 16:57:34,23.3,66
2020-06-04 16:58:34,23.4,66
2020-06-04 16:59:34,23.4,66
2020-06-04 17:00:34,23.3,65
2020-06-04 17:01:34,23.2,66
2020-06-04 17:02:34,23.2,65
2020-06-04 17:03:34,23.2,66
2020-06-04 17:04:34,23.2,66
2020-06-04 17:05:34,23.1,66
2020-06-04 17:06:34,23.1,66
2020-06-04 17:07:34,23.1,66
2020-06-04 17:08:34,23.1,67
2020-06-04 17:09:34,23.1,67
2020-06-04 17:10:34,23.1,67
2020-06-04 17:11:34,23.1,67
2020-06-04 17:12:34,23.1,67
2020-06-04 17:13:34,23.2,68
2020-06-04 17:14:34,23.2,67
2020-06-04 17:15:34,23.2,67
2020-06-04 17:16:34,23.1,66
2020-06-04 17:17:34,23.1,66
2020-06-04 17:18:34,23.0,66
2020-06-04 17:19:34,23.0,67
2020-06-04 17:20:34,23.0,67
2020-06-04 17:21:34,23.1,67
2020-06-04 17:22:34,23.1,67
